decile,n,events,hit_rate_pct,mean_future_ret_pct
1,118,18,15.254237288135593,-2.2712691781091627
2,118,24,20.33898305084746,1.3439783913581562
3,117,24,20.51282051282051,-0.09131305028681183
4,118,31,26.27118644067797,2.658223050095895
5,118,38,32.20338983050847,7.442391958959356
6,117,26,22.22222222222222,0.1785839384844955
7,118,38,32.20338983050847,7.790612687746798
8,117,40,34.18803418803419,5.904617875503968
9,118,43,36.440677966101696,5.048172539308277
10,118,34,28.8135593220339,1.1356050844398304
