item,month,price_real_kg,prob,mom_3m,vol_ann,seasonal_risk,regime,risk_level
Beans,2026-06-01,335.67335647994275,0.5733689105970852,6.309034325480978,57.26754986541972,7.607495003560685,Calm,Elevated
Sorghum,2026-06-01,118.56774937391668,0.5363114576550679,20.70312500000002,48.91446767219023,13.295385698387728,Elevated,Elevated
Millet,2026-06-01,149.02876937737253,0.5127907072408,22.25034779243331,36.315294137337546,10.400289719612895,Calm,Elevated
Rice (local),2026-06-01,356.08696252101834,0.49254171181134687,20.26757461773572,57.50257043263434,5.835076840496835,Elevated,Elevated
Groundnut,2026-06-01,565.1066607406444,0.455464618160691,13.636363636363669,22.48496425782282,6.46858349185355,Calm,Elevated
Vegetable oil,2026-06-01,828.8231024196118,0.38994663622393666,0.0,39.64930406746762,3.1096192181306024,Elevated,Watch
Yam,2026-06-01,432.64565946303736,0.3830776557177893,14.24319355685897,44.09860954961943,0.9113242145767639,Elevated,Watch
Rice (imported),2026-06-01,473.61320138263534,0.3704666038804986,0.0,70.35538026364894,7.6818355460094345,High,Watch
Palm oil,2026-06-01,850.23491844752,0.25766073326124006,2.5833999999999913,19.121546437932032,-1.221791702214078,Calm,Watch
