item,month,forecast_real_kg,lo80,hi80
Beans,2026-07-01,340.25203073310547,286.1420867257311,404.5942550526298
Beans,2026-08-01,338.01027881573947,260.7510238174184,438.1610737800749
Beans,2026-09-01,337.5556771518029,244.1311380999459,466.73208532196435
Beans,2026-10-01,334.14689243138105,229.03848469013883,487.49076327763606
Beans,2026-11-01,332.37757321896095,217.37931619127122,508.2123410569539
Beans,2026-12-01,324.48192669836385,203.43777709278962,517.5465553079624
Groundnut,2026-07-01,540.6430841815865,489.47042966456604,597.1656851133737
Groundnut,2026-08-01,514.7704169616844,443.1823509202266,597.9222359118827
Groundnut,2026-09-01,501.68298186392553,418.7265930609456,601.0743489015682
Groundnut,2026-10-01,520.8276730140818,421.4122788683386,643.6961583219867
Groundnut,2026-11-01,496.1465818992755,392.10968714341425,627.787169767884
Groundnut,2026-12-01,493.08903124686736,380.39940904220487,639.1618571336908
Millet,2026-07-01,148.3011656248978,128.7902969038082,170.76780048212657
Millet,2026-08-01,144.90459352699156,118.52321988173094,177.15803912663662
Millet,2026-09-01,144.54480039262413,112.94031703406705,184.99327670774446
Millet,2026-10-01,141.40078039215587,106.30952718892357,188.07515397918064
Millet,2026-11-01,140.82140442862536,102.34506102948292,193.7628230006895
Millet,2026-12-01,139.5876703642025,98.38826771659197,198.0390362581757
Palm oil,2026-07-01,845.0058455800269,760.9349192713692,938.3652412063543
Palm oil,2026-08-01,843.7214593319688,746.2745490174435,953.8927756206085
Palm oil,2026-09-01,832.8529956077466,720.8695803507488,962.2324636799005
Palm oil,2026-10-01,838.1256971001867,713.0963895852096,985.0767643744126
Palm oil,2026-11-01,833.636255689664,698.0563921983935,995.549091115224
Palm oil,2026-12-01,818.9279839135592,675.8666571476216,992.271235375125
Rice (imported),2026-07-01,433.2468080737828,381.7440337899469,491.6980491944084
Rice (imported),2026-08-01,427.51185591975167,357.86522428727466,510.7129012492023
Rice (imported),2026-09-01,420.5518395019742,338.1819886531521,522.9842381993036
Rice (imported),2026-10-01,424.1161778208008,329.87655968920325,545.2783079185614
Rice (imported),2026-11-01,420.4848057447789,317.57609177981203,556.7404991708632
Rice (imported),2026-12-01,426.61938542811106,313.7518165202544,580.0893905304603
Rice (local),2026-07-01,333.39688404443035,297.0736505074013,374.1613640276927
Rice (local),2026-08-01,332.90090655324934,285.3747991843054,388.3419765891862
Rice (local),2026-09-01,331.23924832785207,274.914814738171,399.1034085860281
Rice (local),2026-10-01,326.78005289817503,263.93418377155166,404.5902711282069
Rice (local),2026-11-01,318.13166820101907,250.8129636008981,403.5188487043614
Rice (local),2026-12-01,304.65440496284504,234.98011665139367,394.98791551355157
Sorghum,2026-07-01,121.1809622743536,106.06645928971587,138.44928657067126
Sorghum,2026-08-01,122.6241516877904,99.53536853851722,151.06873865978085
Sorghum,2026-09-01,123.59156448848059,94.53009670237063,161.5874239587781
Sorghum,2026-10-01,125.34609161764726,91.2264168220644,172.22689689177332
Sorghum,2026-11-01,126.01146791832268,87.8335663710924,180.78384725769817
Sorghum,2026-12-01,127.45646963130069,85.47431967670661,190.0588587580392
Vegetable oil,2026-07-01,820.8313336633315,730.8410382095296,921.9023605655236
Vegetable oil,2026-08-01,821.3289405243823,712.4498961528278,946.8472550639544
Vegetable oil,2026-09-01,819.8987303424736,692.685866295614,970.4744397517625
Vegetable oil,2026-10-01,819.907831405225,677.7581611979642,991.8712757532754
Vegetable oil,2026-11-01,817.6313822245892,662.6470510111066,1008.8644870273289
Vegetable oil,2026-12-01,825.1743446729022,656.8229465074015,1036.6761738868097
Yam,2026-07-01,433.65353161692497,375.3312963552405,501.038382117334
Yam,2026-08-01,451.92761097058263,373.7799978454555,546.4138443331672
Yam,2026-09-01,463.9280916522963,368.7869399597223,583.6141438404736
Yam,2026-10-01,453.4294980624437,348.74510936231127,589.5374707593779
Yam,2026-11-01,464.53204996279345,346.99309260013194,621.8856514567783
Yam,2026-12-01,444.2876467102357,323.15888551229983,610.8187701736775
