item,month_num,seasonal_pct
Beans,1,-10.17329950503948
Beans,2,-7.626102225479915
Beans,3,1.7631576373679
Beans,4,3.90175410055202
Beans,5,4.84829100085787
Beans,6,0.9148369107087245
Beans,7,8.343032164449136
Beans,8,10.701228161553493
Beans,9,6.5227354168056015
Beans,10,-2.4304941616226374
Beans,11,-4.764517660891396
Beans,12,-12.000621839261303
Groundnut,1,-6.866704118006006
Groundnut,2,-4.869957434748629
Groundnut,3,-0.9854503485780701
Groundnut,4,1.530784317006957
Groundnut,5,-1.3694862487788249
Groundnut,6,1.7970224278682432
Groundnut,7,9.484866528428496
Groundnut,8,10.648196820065426
Groundnut,9,4.663754410671459
Groundnut,10,-1.3463327331458843
Groundnut,11,-5.448006861303907
Groundnut,12,-7.238686759479247
Millet,1,-3.0849359261786526
Millet,2,-5.152136395207734
Millet,3,-5.4590732106511926
Millet,4,-1.9409481082993556
Millet,5,-3.2491273402526546
Millet,6,1.152857369454619
Millet,7,12.749484661955158
Millet,8,15.794913756689377
Millet,9,6.115042848558004
Millet,10,-5.419855912865935
Millet,11,-4.120073233505882
Millet,12,-7.386148509695754
Palm oil,1,3.049294445352309
Palm oil,2,1.7861559057312126
Palm oil,3,2.040502025720422
Palm oil,4,-1.197985587905492
Palm oil,5,0.09419184312537583
Palm oil,6,-2.8285606654178603
Palm oil,7,-5.241963305099986
Palm oil,8,-2.0662088671235233
Palm oil,9,-4.842884930672307
Palm oil,10,-0.5386808228291403
Palm oil,11,2.7435616568119046
Palm oil,12,7.002578302307078
Rice (imported),1,-5.686942420754071
Rice (imported),2,-1.1354494306769576
Rice (imported),3,2.0797342409769466
Rice (imported),4,2.8698614704485355
Rice (imported),5,0.5051282323266626
Rice (imported),6,-5.248804333373148
Rice (imported),7,1.91273073757149
Rice (imported),8,3.3702137363228886
Rice (imported),9,2.016149164014483
Rice (imported),10,-0.17599056760916748
Rice (imported),11,-0.06038577267061668
Rice (imported),12,-0.4462450565770562
Rice (local),1,-9.36117461106633
Rice (local),2,-2.5845603099631296
Rice (local),3,0.4610500352039873
Rice (local),4,1.9561208903760035
Rice (local),5,2.4899276380031115
Rice (local),6,0.2592175912036851
Rice (local),7,5.225447146612437
Rice (local),8,7.239019413836319
Rice (local),9,5.818416734652803
Rice (local),10,-2.357791307769813
Rice (local),11,-3.0069856036053415
Rice (local),12,-6.138687617483729
Sorghum,1,-10.55459027629248
Sorghum,2,-8.409082524534888
Sorghum,3,-5.218152265975626
Sorghum,4,-0.2544134384660779
Sorghum,5,-1.7761237110774653
Sorghum,6,-1.1164634724629863
Sorghum,7,13.370481626022837
Sorghum,8,13.775316738168215
Sorghum,9,9.390968313583176
Sorghum,10,0.12602007031728424
Sorghum,11,-2.2743713771123137
Sorghum,12,-7.059589682169659
Vegetable oil,1,-0.4951241873894372
Vegetable oil,2,-0.03437885687014083
Vegetable oil,3,3.3344725133223063
Vegetable oil,4,5.066152239384326
Vegetable oil,5,2.1299762216497653
Vegetable oil,6,-3.9408700065026405
Vegetable oil,7,-0.39747428296704623
Vegetable oil,8,-1.1056580718099667
Vegetable oil,9,-0.9906200103391007
Vegetable oil,10,-3.1923535773644494
Vegetable oil,11,-0.1871639332172093
Vegetable oil,12,-0.1869580478964065
Yam,1,-5.141962905955907
Yam,2,-10.122765197647453
Yam,3,-4.314426722435484
Yam,4,-1.5483196561847865
Yam,5,6.544615972815157
Yam,6,7.384388795677513
Yam,7,15.050413039054735
Yam,8,10.206781965001287
Yam,9,-0.3700559732931923
Yam,10,-2.7391514771102634
Yam,11,-4.8561020785739775
Yam,12,-10.093415761347648
