market,admin1,lat,lon,n
Aba,Abia,5.15,7.36,645
Abba Gamaram,Borno,11.86,13.15,987
Bade (Gashua),Yobe,12.87,11.04,941
Baga Road,Borno,11.87,13.12,950
Bama,Borno,11.52,13.69,231
Banki,Borno,11.54,13.7,228
Bayantasha,Yobe,11.74,11.96,302
Biriri,Yobe,12.15,11.76,18
Biu,Borno,10.61,12.19,1626
Bolori Stores,Borno,11.85,13.14,54
Budum,Borno,11.85,13.16,981
Bullunkutu,Borno,11.83,13.09,825
Bursari,Yobe,12.5,11.5,715
Custom,Borno,11.85,13.17,987
Damagum,Yobe,11.68,11.34,277
Damassack (CBM),Borno,13.01,12.56,567
Damaturu,Yobe,11.74,11.96,1717
Damaturu (Sunday Market),Yobe,11.74,11.96,597
Damboa,Borno,11.16,12.76,296
Dandume,Katsina,11.42,7.2,1690
Dawanau,Kano,12.09,8.43,1968
Dikwa Central,Borno,12.04,13.91,252
Gajiram,Borno,12.49,13.21,53
Gamboru,Borno,11.85,13.17,263
Geidam,Yobe,12.89,11.92,919
Giwa,Kaduna,11.28,7.42,1739
Gombe,Gombe,10.28,11.17,1821
Gombi,Adamawa,10.17,12.74,30
Gujba (Buni Yadi),Yobe,11.29,12.0,913
Gujungu,Jigawa,12.36,9.58,1529
Gulani (Tettaba),Yobe,10.81,11.73,668
Gwandu,Kebbi,12.49,4.64,1822
Gwoza Central,Borno,11.09,13.7,219
Ibadan,Oyo,7.4,3.92,1793
Illela (CBM),Sokoto,13.64,5.28,438
Jakusko,Yobe,12.2,10.88,620
Jibia (CBM),Katsina,13.08,7.24,371
Jimeta Grain,Adamawa,9.28,12.4,10
Kashuwan Shanu,Borno,11.86,13.18,220
Kaura Namoda,Zamfara,12.6,6.59,1783
Konduga,Borno,11.66,13.42,170
Kusawam Shanu,Borno,11.86,13.18,589
Lagos,Lagos,6.61,3.4,1752
Machina Central,Yobe,12.92,9.9,209
Madagali,Adamawa,10.89,13.63,117
Mafa,Borno,11.92,13.6,278
Magumeri Central,Borno,12.11,12.83,154
Mai Adoua (CBM),Katsina,13.18,8.23,407
Mai Gatari (CBM),Jigawa,12.78,9.44,254
Maiduguri,Borno,11.83,13.15,1851
Michika,Adamawa,10.57,13.53,118
Monday,Borno,11.83,13.15,992
Monguno,Borno,12.67,13.62,300
Mubi,Adamawa,10.27,13.26,1522
Mubi North,Adamawa,10.38,13.31,19
Nangere,Yobe,11.86,11.07,90
Ngala,Borno,12.37,14.22,43
Ngalang,Adamawa,9.46,12.03,20
Ngelzarma,Yobe,11.69,11.62,55
Nguru,Yobe,12.87,10.45,760
Potiskum,Yobe,11.71,11.08,2182
Pulka,Borno,11.23,13.78,242
Rann,Borno,12.02,14.49,154
Saminaka,Kaduna,10.42,8.68,1666
Shani Main Market,Borno,10.22,12.05,18
Tashan Bama,Borno,11.81,13.18,935
Yunusari,Yobe,13.15,11.54,899
Yusufari,Yobe,13.06,11.17,883
