item,month,price_ngn_kg,price_usd_kg,n_markets,n_obs,cpi,price_real_kg
Beans,2016-06-01,243.4,1.2280000000000002,8,16,181.8035760286879,381.8579965331886
Beans,2016-07-01,240.0,0.8460000000000001,8,16,183.882551450038,372.2669299810654
Beans,2016-08-01,250.0,0.792,8,9,186.41128379681425,382.5177111462008
Beans,2016-09-01,271.6,0.86,8,16,188.9400161435905,410.0053792331348
Beans,2016-10-01,313.0,1.03,8,16,191.46874849036675,466.26216524279937
Beans,2016-11-01,269.2,0.884,8,16,193.997480837143,395.7880726640485
Beans,2016-12-01,253.8,0.8340000000000001,17,34,196.52621318391925,368.3450763369932
Beans,2017-01-01,288.4,0.9480000000000001,8,16,199.05494553069548,413.2434904108428
Beans,2017-02-01,269.2,0.884,16,32,201.58367787747176,380.8933830887028
Beans,2017-03-01,312.4,1.024,17,34,204.112410224248,436.54131401069816
Beans,2017-04-01,326.8,1.072,18,36,206.64114257102423,451.0752417441269
Beans,2017-05-01,313.2,1.024,17,34,209.16987491780048,427.0771676688181
Beans,2017-06-01,325.2,1.008,18,36,211.69860726457676,438.1433991716449
Beans,2017-07-01,625.2,2.052,17,34,214.227339611353,832.3918358975566
Beans,2017-08-01,692.4,2.272,17,34,216.3865916876249,912.663012027779
Beans,2017-09-01,500.0,1.54,19,38,218.5458437638968,652.5460871890691
Beans,2017-10-01,500.0,1.636,19,38,220.70509584016872,646.1619505280538
Beans,2017-11-01,500.0,1.636,19,38,222.86434791644064,639.9015210500796
Beans,2017-12-01,500.0,1.588,19,38,225.02359999271255,633.7612375954478
Beans,2018-01-01,531.2,1.738,19,38,227.1828520689845,666.9085052742405
Beans,2018-02-01,583.2,1.908,19,38,229.3421041452564,725.2996364537828
Beans,2018-03-01,625.2,2.044,19,38,231.5013562215283,770.2809669413099
Beans,2018-04-01,625.2,2.048,19,38,233.66060829780025,763.1628190031645
Beans,2018-05-01,625.2,2.048,19,38,235.81986037407216,756.1750237477005
Beans,2018-06-01,345.4,1.098,19,38,237.97911245034408,413.968437293971
Beans,2018-07-01,333.2,1.092,19,38,240.138364526616,395.7557024995244
Beans,2018-08-01,359.6,1.178,19,38,242.41896304466323,423.09396542965186
Beans,2018-09-01,307.6,1.008,19,38,244.6995615627105,358.5393915166125
Beans,2018-10-01,307.6,1.012,19,38,246.9801600807577,355.22866240911264
Beans,2018-11-01,288.4,0.944,19,38,249.26075859880495,330.00846558058726
Beans,2018-12-01,291.6,0.952,19,38,251.54135711685225,330.6449219060761
Beans,2019-01-01,269.2,0.876,19,38,253.8219556348995,302.5029448305784
Beans,2019-02-01,250.0,0.8160000000000001,19,38,256.1025541529468,278.42603071892
Beans,2019-03-01,269.2,0.8800000000000001,19,38,258.383152670994,297.16290806305744
Beans,2019-04-01,248.0,0.81,18,36,260.66375118904125,271.3655901376356
Beans,2019-05-01,230.8,0.756,19,37,262.9443497070885,250.35467105751744
Beans,2019-06-01,195.0,0.6359999999999999,19,38,265.22494822513573,209.70267732286854
Beans,2019-07-01,182.6,0.596,19,38,267.505546743183,194.69361938945354
Beans,2019-08-01,166.8,0.544,19,38,270.458367359174,175.90547681620083
Beans,2019-09-01,187.6,0.612,18,36,273.41118797516503,195.70426452059053
Beans,2019-10-01,174.2,0.57,19,38,276.364008591156,179.7837374113348
Beans,2019-11-01,167.2,0.546,19,38,279.316829207147,170.73513684367043
Beans,2019-12-01,166.8,0.544,19,38,282.269649823138,168.54489350539777
Beans,2020-01-01,158.4,0.516,16,31,285.222470439129,158.4
Beans,2020-02-01,142.4,0.46399999999999997,17,31,288.17529105512,140.9408823422106
Beans,2020-03-01,154.0,0.504,8,14,291.128111671111,150.8760531420179
Beans,2020-04-01,167.2,0.46399999999999997,8,16,294.08093228710203,162.16351290285252
Beans,2020-05-01,176.0,0.49,19,38,297.03375290309305,169.00151685342007
Beans,2020-06-01,192.4,0.536,19,38,299.986573519084,182.93086476751054
Beans,2020-07-01,214.2,0.562,15,30,302.939394135075,201.6728571815274
Beans,2020-08-01,250.0,0.6599999999999999,19,38,307.2191314783556,232.1001861656715
Beans,2020-09-01,250.0,0.6559999999999999,19,38,311.49886882163617,228.91132118560515
Beans,2020-10-01,174.2,0.45799999999999996,19,38,315.7786061649168,157.34363690410254
Beans,2020-11-01,256.8,0.6759999999999999,19,38,320.05834350819737,228.8493079290475
Beans,2020-12-01,250.0,0.6559999999999999,19,38,324.3380808514779,219.8496624959521
Beans,2021-01-01,275.0,0.722,19,38,328.6178181947585,238.68510783025926
Beans,2021-02-01,295.4,0.778,19,38,332.8975555380391,253.09503288945353
Beans,2021-03-01,480.0,1.262,19,38,337.17729288131966,406.03797675951637
Beans,2021-04-01,522.2,1.372,8,16,341.45703022460026,436.198879739986
Beans,2021-05-01,500.0,1.22,19,38,345.73676756788086,412.48501344759245
Beans,2021-06-01,541.6,1.3199999999999998,17,34,350.0165049111614,441.34058772182857
Beans,2021-07-01,597.2,1.452,17,34,354.296242254442,480.7695906182371
Beans,2021-08-01,638.8,1.554,17,34,359.8608154286513,506.3071785114652
Beans,2021-09-01,642.6,1.564,17,34,365.4253886028605,501.56328821305544
Beans,2021-10-01,572.8,1.3980000000000001,17,34,370.98996177706977,440.37695867821463
Beans,2021-11-01,500.0,1.22,17,34,376.554534951279,378.7266437729038
Beans,2021-12-01,460.0,1.1239999999999999,17,34,382.11910812548825,343.3545551951628
Beans,2022-01-01,500.0,1.208,17,34,387.6836812996975,367.8546250424179
Beans,2022-02-01,510.8,1.228,17,34,393.24825447390674,370.48260543512265
Beans,2022-03-01,540.0,1.2999999999999998,17,34,398.812827648116,386.19653972872214
Beans,2022-04-01,502.4,1.214,17,34,404.3774008223252,354.36146742428735
Beans,2022-05-01,541.6,1.3039999999999998,17,34,409.9419739965345,376.8252576915633
Beans,2023-02-01,368.4,0.8,16,32,481.6410961937818,218.16235977400734
Beans,2023-03-01,351.4,0.762,16,32,490.2939498864717,204.4226247040529
Beans,2023-04-01,450.4,0.98,16,32,498.9468035791615,257.47073588658014
Beans,2023-05-01,483.4,1.052,16,32,507.5996572718513,271.62457703637386
Beans,2023-06-01,480.0,0.788,30,59,516.2525109645411,265.19345262842774
Beans,2023-07-01,534.032,0.69,26,52,524.905364657231,290.1816910044618
Beans,2023-08-01,568.0640000000001,0.75,25,50,539.4459689640813,300.35374582309964
Beans,2023-09-01,579.63,0.756,28,56,553.9865732709317,298.42510363474014
Beans,2023-10-01,649.3240000000001,0.8460000000000001,31,62,568.5271775777819,325.75715409854615
Beans,2023-11-01,712.692,0.8460000000000001,21,42,583.0677818846323,348.6314614145917
Beans,2023-12-01,700.0,0.8859999999999999,8,16,597.6083861914826,334.0912442340085
Beans,2024-01-01,870.0,1.004,25,50,612.148990498333,405.36463039828857
Beans,2024-02-01,992.7280000000001,0.6559999999999999,20,39,626.6895948051833,451.8159148982151
Beans,2024-03-01,1152.0,0.716,19,37,641.2301991120337,512.4154888539003
Beans,2024-04-01,1255.652,1.0899999999999999,11,22,655.770803418884,546.1361859732957
Beans,2024-05-01,1468.388,0.9640000000000001,19,37,670.3114077257343,624.8099735377556
Beans,2024-06-01,1917.304,1.286,19,38,684.8520120325846,798.5056243607922
Beans,2024-07-01,2031.234,1.27,5,10,699.392616339435,828.3667370585695
Beans,2024-08-01,2112.2599999999998,1.3279999999999998,10,19,712.8035417854693,845.2034538165589
Beans,2024-09-01,2138.1459999999997,1.314,27,46,726.2144672315035,839.761959857974
Beans,2024-10-01,1614.192,0.9880000000000001,31,61,739.6253926775378,622.4824547144849
Beans,2024-11-01,1480.0,0.8880000000000001,26,51,753.036318123572,560.5695848797563
Beans,2024-12-01,1274.546,0.8280000000000001,30,60,766.4472435696063,474.30421579341953
Beans,2025-01-01,1243.226,0.8,33,66,779.8581690156404,454.69292381938874
Beans,2025-02-01,1207.858,0.8,25,50,793.2690944616747,434.28925329992126
Beans,2025-03-01,1090.0,0.702,17,34,806.680019907709,385.39753694930897
Beans,2025-04-01,1040.0,0.648,21,41,820.0909453537432,361.7054558854364
Beans,2025-05-01,1070.0,0.6679999999999999,31,61,833.5018707997775,366.1515997282984
Beans,2025-06-01,1000.0,0.648,26,52,846.9127962458117,336.77903050167725
Beans,2025-07-01,1016.0820000000001,0.6659999999999999,19,38,860.323721691846,336.8608942210896
Beans,2025-08-01,962.1500000000001,0.628,24,48,860.323721691846,318.98085919721177
Beans,2025-09-01,950.0,0.632,33,65,860.323721691846,314.9527789194525
Beans,2025-10-01,812.904,0.5559999999999999,37,73,860.323721691846,269.50144609972483
Beans,2025-11-01,757.6659999999999,0.524,38,76,860.323721691846,251.18843388714302
Beans,2025-12-01,603.226,0.41400000000000003,34,68,860.323721691846,199.9870579120691
Beans,2026-01-01,560.0,0.392,33,65,860.323721691846,185.65637494199305
Beans,2026-02-01,826.668,0.612,28,55,860.323721691846,274.06461457240624
Beans,2026-03-01,952.412,0.692,27,53,860.323721691846,315.75242744866694
Beans,2026-04-01,934.0,0.696,13,26,860.323721691846,309.64831106396696
Beans,2026-05-01,915.4839999999999,0.6679999999999999,18,36,860.323721691846,303.50971563820633
Beans,2026-06-01,1012.5,0.746,16,30,860.323721691846,335.67335647994275
Groundnut,2016-06-01,318.18181818181813,1.6045454545454543,9,9,181.8035760286879,499.1794232711436
Groundnut,2016-07-01,318.18181818181813,1.1227272727272728,7,7,183.882551450038,493.5357026264124
Groundnut,2016-08-01,295.45454545454544,0.9363636363636363,9,9,186.41128379681425,452.0663859000554
Groundnut,2016-09-01,295.45454545454544,0.9363636363636363,9,9,188.9400161435905,446.0160270811648
Groundnut,2016-10-01,318.18181818181813,1.0454545454545452,9,9,191.46874849036675,473.98128909375475
Groundnut,2016-11-01,295.45454545454544,0.9727272727272727,10,10,193.997480837143,434.38850336287913
Groundnut,2016-12-01,270.9090909090909,0.8909090909090909,19,19,196.52621318391925,393.1758462225946
Groundnut,2017-01-01,350.0,1.15,8,8,199.05494553069548,501.5090903044209
Groundnut,2017-02-01,329.09090909090907,1.0818181818181818,16,16,201.58367787747176,465.6335427465569
Groundnut,2017-03-01,340.9090909090909,1.1181818181818182,18,18,204.112410224248,476.3793293970778
Groundnut,2017-04-01,363.6363636363636,1.190909090909091,19,19,206.64114257102423,501.9197081830721
Groundnut,2017-05-01,333.18181818181813,1.0909090909090908,19,19,209.16987491780048,454.32422486538326
Groundnut,2017-06-01,343.6363636363636,1.0636363636363635,18,18,211.69860726457676,462.98279348899075
Groundnut,2017-07-01,492.0,1.61,19,19,214.227339611353,655.0492374625684
Groundnut,2017-08-01,636.3636363636363,2.086363636363636,19,19,216.3865916876249,838.8006255178893
Groundnut,2017-09-01,583.1818181818181,1.7954545454545454,19,19,218.5458437638968,761.106027148705
Groundnut,2017-10-01,520.9090909090909,1.7045454545454544,19,19,220.70509584016872,673.183268459227
Groundnut,2017-11-01,458.18181818181813,1.4999999999999998,19,19,222.86434791644064,586.3824847440728
Groundnut,2017-12-01,499.99999999999994,1.5909090909090908,19,19,225.02359999271255,633.7612375954477
Groundnut,2018-01-01,340.9090909090909,1.1181818181818182,31,31,227.1828520689845,428.0029598128425
Groundnut,2018-02-01,499.99999999999994,1.6363636363636362,19,19,229.3421041452564,621.8275346825982
Groundnut,2018-03-01,479.09090909090907,1.5681818181818181,19,19,231.5013562215283,590.2664886553689
Groundnut,2018-04-01,441.81818181818176,1.45,19,19,233.66060829780025,539.3141540678444
Groundnut,2018-05-01,441.81818181818176,1.4454545454545453,19,19,235.81986037407216,534.3759982861956
Groundnut,2018-06-01,291.8181818181818,0.9272727272727272,19,19,237.97911245034408,349.74961407423467
Groundnut,2018-07-01,318.18181818181813,1.0454545454545452,19,19,240.138364526616,377.9179741210125
Groundnut,2018-08-01,333.18181818181813,1.0909090909090908,19,19,242.41896304466323,392.01116980980726
Groundnut,2018-09-01,305.0,0.9977272727272726,18,18,244.6995615627105,355.50882448818857
Groundnut,2018-10-01,305.0,1.002272727272727,18,18,246.9801600807577,352.2260794368639
Groundnut,2018-11-01,270.9090909090909,0.8863636363636362,18,18,249.26075859880495,309.99408253377567
Groundnut,2018-12-01,249.99999999999997,0.8181818181818181,19,19,251.54135711685225,283.4747272857305
Groundnut,2019-01-01,273.3,0.89,27,27,253.8219556348995,307.1101590720545
Groundnut,2019-02-01,260.87,0.85,31,31,256.1025541529468,290.53199453457864
Groundnut,2019-03-01,278.8445454545454,0.9131818181818181,32,32,258.383152670994,307.80927200889346
Groundnut,2019-04-01,291.8181818181818,0.9545454545454545,31,31,260.66375118904125,319.3121496854143
Groundnut,2019-05-01,270.9090909090909,0.8863636363636362,27,27,262.9443497070885,293.862029207264
Groundnut,2019-06-01,275.0,0.8999999999999999,26,26,265.22494822513573,295.7345449425069
Groundnut,2019-07-01,275.0,0.8999999999999999,19,19,267.505546743183,293.2132822130325
Groundnut,2019-08-01,254.03,0.83,33,33,270.458367359174,267.8972918202608
Groundnut,2019-09-01,254.06,0.83,31,31,273.41118797516503,265.03531686621125
Groundnut,2019-10-01,249.99999999999997,0.8181818181818181,33,33,276.364008591156,258.0134004181039
Groundnut,2019-11-01,270.9090909090909,0.8818181818181817,19,19,279.316829207147,276.636965960275
Groundnut,2019-12-01,275.0,0.8999999999999999,19,19,282.269649823138,277.8767728656138
Groundnut,2020-01-01,254.96,0.83,33,33,285.222470439129,254.96
Groundnut,2020-02-01,257.94,0.84,33,33,288.17529105512,255.2969887032992
Groundnut,2020-03-01,291.66,0.95,21,21,291.128111671111,285.7435692168892
Groundnut,2020-04-01,326.93,0.91,22,22,294.08093228710203,317.0820411084305
Groundnut,2020-05-01,291.8181818181818,0.8090909090909091,32,32,297.03375290309305,280.2142918902265
Groundnut,2020-06-01,312.7272727272727,0.868181818181818,33,33,299.986573519084,297.3361249292365
Groundnut,2020-07-01,362.6281818181818,0.9522727272727272,29,30,302.939394135075,341.42045528391753
Groundnut,2020-08-01,380.45454545454544,1.0022727272727272,33,34,307.2191314783556,353.2142833103037
Groundnut,2020-09-01,380.68181818181813,0.9999999999999998,33,34,311.49886882163617,348.5695118053533
Groundnut,2020-10-01,322.055,0.8454545454545455,33,34,315.7786061649168,290.8915326242867
Groundnut,2020-11-01,358.18181818181813,0.9409090909090908,33,34,320.05834350819737,319.19650001431853
Groundnut,2020-12-01,374.74,0.9831818181818182,33,34,324.3380808514779,329.54585009493235
Groundnut,2021-01-01,399.85499999999996,1.05,33,34,328.6178181947585,347.0524865144302
Groundnut,2021-02-01,417.49999999999994,1.0977272727272727,33,34,332.8975555380391,357.70878886711864
Groundnut,2021-03-01,495.9090909090909,1.3,34,35,337.17729288131966,419.4956748528715
Groundnut,2021-04-01,580.365,1.525,24,24,341.45703022460026,484.7846856382554
Groundnut,2021-05-01,528.67,1.29,34,35,345.73676756788086,436.13690411867736
Groundnut,2021-06-01,541.8181818181818,1.32,32,33,350.0165049111614,441.5183803582143
Groundnut,2021-07-01,576.56,1.4,32,33,354.296242254442,464.15357529613317
Groundnut,2021-08-01,588.1818181818181,1.4318181818181817,32,33,359.8608154286513,466.1876593853789
Groundnut,2021-09-01,542.75,1.32,32,33,365.4253886028605,423.62818966329877
Groundnut,2021-10-01,525.9090909090909,1.2818181818181817,32,33,370.98996177706977,404.326546780325
Groundnut,2021-11-01,532.78,1.3,32,33,376.554534951279,403.55596253865536
Groundnut,2021-12-01,541.8181818181818,1.3227272727272728,32,33,382.11910812548825,404.4255235105079
Groundnut,2022-01-01,607.05,1.47,32,33,387.6836812996975,446.6123002639996
Groundnut,2022-02-01,607.05,1.46,32,33,393.24825447390674,440.29261086411736
Groundnut,2022-03-01,646.45,1.56,32,33,398.812827648116,462.32732056968973
Groundnut,2022-04-01,658.44,1.59,32,33,404.3774008223252,464.4223021712735
Groundnut,2022-05-01,666.26,1.609090909090909,32,33,409.9419739965345,463.5590771594922
Groundnut,2022-06-01,683.175,1.65,16,16,415.5065471707437,468.96219221830836
Groundnut,2022-07-01,718.09,1.73,16,16,421.071120344953,486.41522512834354
Groundnut,2022-08-01,742.95,1.775,16,16,429.7239740376429,493.1212760174939
Groundnut,2022-09-01,668.105,1.565,16,16,438.3768277303327,434.6912212475708
Groundnut,2022-10-01,669.0550000000001,1.54,16,16,447.02968142302245,426.88333211384736
Groundnut,2022-11-01,629.3299999999999,1.43,16,16,455.6825351157123,393.9125234981334
Groundnut,2022-12-01,616.445,1.385,16,16,464.3353888084022,378.65725944571244
Groundnut,2023-01-01,620.525,1.375,16,16,472.988242501092,374.1904292025439
Groundnut,2023-02-01,603.4090909090909,1.311363636363636,16,16,481.6410961937818,357.3321150429311
Groundnut,2023-03-01,641.590909090909,1.3954545454545455,16,16,490.2939498864717,373.2376141793484
Groundnut,2023-04-01,655.4545454545455,1.4249999999999998,16,16,498.9468035791615,374.68997370867174
Groundnut,2023-05-01,649.3181818181818,1.4113636363636362,16,16,507.5996572718513,364.8547300339076
Groundnut,2023-06-01,850.2272727272727,1.393181818181818,30,30,516.2525109645411,469.7389707779111
Groundnut,2023-07-01,951.6136363636364,1.2272727272727273,25,25,524.905364657231,517.0867179923769
Groundnut,2023-08-01,984.090909090909,1.2954545454545454,25,25,539.4459689640813,520.3205814413762
Groundnut,2023-09-01,931.8431818181818,1.2136363636363634,28,28,553.9865732709317,479.7636390549435
Groundnut,2023-10-01,909.090909090909,1.1863636363636363,31,31,568.5271775777819,456.0787332091754
Groundnut,2023-11-01,909.090909090909,1.0772727272727272,21,21,583.0677818846323,444.704994857643
Groundnut,2023-12-01,984.7727272727273,1.2477272727272726,8,8,597.6083861914826,470.0056367746619
Groundnut,2024-01-01,1127.225,1.3022727272727272,24,24,612.148990498333,525.2151097709319
Groundnut,2024-02-01,1136.3636363636363,0.7499999999999999,20,20,626.6895948051833,517.1881683811669
Groundnut,2024-03-01,1204.2772727272727,0.7477272727272726,18,18,641.2301991120337,535.6686869966903
Groundnut,2024-04-01,1211.4636363636362,1.05,11,11,655.770803418884,526.9167968585052
Groundnut,2024-05-01,1387.0954545454545,0.9136363636363635,19,19,670.3114077257343,590.2193931364778
Groundnut,2024-06-01,1562.5,1.0477272727272726,20,20,684.8520120325846,650.7392870737963
Groundnut,2024-07-01,1775.6590909090908,1.109090909090909,5,5,699.392616339435,724.1395758759205
Groundnut,2024-08-01,1912.022727272727,1.1999999999999997,10,10,712.8035417854693,765.0801572091814
Groundnut,2024-09-01,1931.8181818181818,1.1863636363636363,29,29,726.2144672315035,758.7262153533503
Groundnut,2024-10-01,1735.690909090909,1.0636363636363635,31,31,739.6253926775378,669.3361989878061
Groundnut,2024-11-01,1802.372727272727,1.0818181818181818,25,25,753.036318123572,682.6725213012614
Groundnut,2024-12-01,1832.6454545454544,1.190909090909091,29,29,766.4472435696063,681.9930117434417
Groundnut,2025-01-01,1939.6863636363637,1.2454545454545454,31,31,779.8581690156404,709.4137863706327
Groundnut,2025-02-01,1909.090909090909,1.2636363636363634,23,23,793.2690944616747,686.4198154011141
Groundnut,2025-03-01,1818.181818181818,1.1727272727272726,17,17,806.680019907709,642.8649490397147
Groundnut,2025-04-01,1818.181818181818,1.1318181818181818,21,21,820.0909453537432,632.3521956039096
Groundnut,2025-05-01,1873.8454545454545,1.1704545454545454,30,30,833.5018707997775,641.225711051793
Groundnut,2025-06-01,1961.363636363636,1.2727272727272725,26,26,846.9127962458117,660.5461439157896
Groundnut,2025-07-01,2004.2090909090907,1.3113636363636363,16,16,860.323721691846,664.453918649945
Groundnut,2025-08-01,1863.6363636363635,1.2136363636363634,19,19,860.323721691846,617.8499490764378
Groundnut,2025-09-01,1818.181818181818,1.2136363636363634,28,28,860.323721691846,602.780438123354
Groundnut,2025-10-01,1727.272727272727,1.177272727272727,35,35,860.323721691846,572.6414162171862
Groundnut,2025-11-01,1559.9454545454544,1.0818181818181818,38,38,860.323721691846,517.167532496694
Groundnut,2025-12-01,1424.2409090909089,0.9818181818181818,33,33,860.323721691846,472.1775075462622
Groundnut,2026-01-01,1331.6499999999999,0.9363636363636363,33,33,860.323721691846,441.4809137348303
Groundnut,2026-02-01,1418.259090909091,1.0477272727272726,28,28,860.323721691846,470.1943599048364
Groundnut,2026-03-01,1499.9999999999998,1.0909090909090908,27,27,860.323721691846,497.293861451767
Groundnut,2026-04-01,1590.9090909090908,1.1818181818181817,13,13,860.323721691846,527.4328833579347
Groundnut,2026-05-01,1693.181818181818,1.2363636363636363,17,17,860.323721691846,561.3392830023733
Groundnut,2026-06-01,1704.5454545454545,1.2545454545454544,14,14,860.323721691846,565.1066607406444
Millet,2016-06-01,142.69230769230768,0.7192307692307692,6,6,181.8035760286879,223.86277212852056
Millet,2016-07-01,153.84615384615384,0.5423076923076923,3,3,183.882551450038,238.6326474237599
Millet,2016-08-01,196.34615384615384,0.6230769230769231,4,4,186.41128379681425,300.4235254463623
Millet,2016-11-01,125.0,0.4115384615384616,9,9,193.997480837143,183.7797514227566
Millet,2016-12-01,140.96153846153845,0.4634615384615385,18,18,196.52621318391925,204.58033351140813
Millet,2017-01-01,171.53846153846152,0.5653846153846154,9,9,199.05494553069548,245.79456513821066
Millet,2017-02-01,150.0,0.4923076923076923,17,17,201.58367787747176,212.23628329608258
Millet,2017-03-01,142.69230769230768,0.46923076923076923,17,17,204.112410224248,199.39528648917687
Millet,2017-04-01,157.3076923076923,0.5153846153846154,18,18,206.64114257102423,217.1285352995809
Millet,2017-05-01,151.53846153846155,0.49615384615384617,17,17,209.16987491780048,206.63670800362803
Millet,2017-06-01,150.0,0.46538461538461534,17,17,211.69860726457676,202.09566382455947
Millet,2017-07-01,285.7692307692308,0.9384615384615385,17,17,214.227339611353,380.4734079383117
Millet,2017-08-01,292.6923076923077,0.9615384615384615,17,17,216.3865916876249,385.8021997917721
Millet,2017-09-01,214.23076923076923,0.6576923076923077,20,20,218.5458437638968,279.59090043408577
Millet,2017-10-01,196.53846153846152,0.6423076923076922,19,19,220.70509584016872,253.99135132295038
Millet,2017-11-01,178.46153846153845,0.5846153846153846,19,19,222.86434791644064,228.39561982095145
Millet,2017-12-01,178.46153846153845,0.5692307692307692,19,19,225.02359999271255,226.20401095714442
Millet,2018-01-01,171.53846153846152,0.5615384615384615,31,31,227.1828520689845,215.36230982992876
Millet,2018-02-01,196.53846153846152,0.6423076923076922,19,19,229.3421041452564,244.4260540175444
Millet,2018-03-01,178.46153846153845,0.5846153846153846,19,19,231.5013562215283,219.87448241840627
Millet,2018-04-01,178.46153846153845,0.5846153846153846,19,19,233.66060829780025,217.8426276006867
Millet,2018-05-01,178.46153846153845,0.5846153846153846,19,19,235.81986037407216,215.8479815806222
Millet,2018-06-01,125.0,0.39615384615384613,19,19,237.97911245034408,149.81486584176716
Millet,2018-07-01,114.23076923076923,0.37307692307692303,19,19,240.138364526616,135.6767056542141
Millet,2018-08-01,121.53846153846153,0.4,19,19,242.41896304466323,142.99830268222166
Millet,2018-09-01,107.3076923076923,0.35,19,19,244.6995615627105,125.07813623228829
Millet,2018-10-01,107.3076923076923,0.35384615384615387,19,19,246.9801600807577,123.92317296706815
Millet,2018-11-01,108.84615384615384,0.3576923076923077,19,19,249.26075859880495,124.54976496226688
Millet,2018-12-01,107.3076923076923,0.35,19,19,251.54135711685225,121.67607525033664
Millet,2019-01-01,96.15384615384615,0.31153846153846154,25,25,253.8219556348995,108.04911448114727
Millet,2019-02-01,97.6923076923077,0.3192307692307692,35,35,256.1025541529468,108.8003258501626
Millet,2019-03-01,97.88461538461539,0.3211538461538461,34,34,258.383152670994,108.05229183627861
Millet,2019-04-01,105.19230769230768,0.34423076923076923,32,32,260.66375118904125,115.10311554380169
Millet,2019-05-01,91.15384615384615,0.29615384615384616,25,25,262.9443497070885,98.8769114795221
Millet,2019-06-01,88.26923076923077,0.28846153846153844,24,24,265.22494822513573,94.92458470532215
Millet,2019-07-01,85.76923076923076,0.28076923076923077,17,17,267.505546743183,91.44973696993878
Millet,2019-08-01,85.76923076923076,0.28076923076923077,32,32,270.458367359174,90.4513035648699
Millet,2019-09-01,100.76923076923076,0.33076923076923076,29,29,273.41118797516503,105.12243173772904
Millet,2019-10-01,85.76923076923076,0.28076923076923077,31,31,276.364008591156,88.51844352805718
Millet,2019-11-01,107.3076923076923,0.35,17,17,279.316829207147,109.57651633093496
Millet,2019-12-01,85.76923076923076,0.28076923076923077,17,17,282.269649823138,86.66646202661799
Millet,2020-01-01,98.46153846153845,0.32307692307692304,32,32,285.222470439129,98.46153846153845
Millet,2020-02-01,97.3076923076923,0.3173076923076923,32,32,288.17529105512,96.31061806552313
Millet,2020-03-01,109.42307692307692,0.3576923076923077,22,22,291.128111671111,107.20338940785237
Millet,2020-04-01,116.53846153846153,0.32307692307692304,23,23,294.08093228710203,113.02802817805555
Millet,2020-05-01,118.85769230769229,0.33076923076923076,31,31,297.03375290309305,114.13142210055159
Millet,2020-06-01,138.62884615384615,0.3846153846153846,32,32,299.986573519084,131.80610555428927
Millet,2020-07-01,171.37692307692308,0.44999999999999996,29,29,302.939394135075,161.35421910318357
Millet,2020-08-01,178.46153846153845,0.46923076923076923,33,33,307.2191314783556,165.68382520134088
Millet,2020-09-01,160.76923076923077,0.4230769230769231,33,33,311.49886882163617,147.20758808551224
Millet,2020-10-01,122.07115384615383,0.3211538461538461,32,32,315.7786061649168,110.25900865231958
Millet,2020-11-01,142.69230769230768,0.37307692307692303,33,33,320.05834350819737,127.16135460351758
Millet,2020-12-01,147.3076923076923,0.38846153846153847,33,33,324.3380808514779,129.54218574761484
Millet,2021-01-01,160.76923076923077,0.4230769230769231,33,33,328.6178181947585,139.53898611615156
Millet,2021-02-01,167.69230769230768,0.44230769230769224,33,33,332.8975555380391,143.6766761364014
Millet,2021-03-01,189.4076923076923,0.4980769230769231,34,34,337.17729288131966,160.22232534855078
Millet,2021-04-01,198.85192307692307,0.5211538461538461,24,24,341.45703022460026,166.1029990047792
Millet,2021-05-01,196.34615384615384,0.4788461538461538,34,34,345.73676756788086,161.97969181922764
Millet,2021-06-01,214.23076923076923,0.5230769230769231,32,32,350.0165049111614,174.57299409233218
Millet,2021-07-01,220.36538461538458,0.5365384615384614,32,32,354.296242254442,177.4028394976035
Millet,2021-08-01,234.92115384615386,0.5711538461538461,32,32,359.8608154286513,186.19640979415155
Millet,2021-09-01,214.23076923076923,0.5230769230769231,32,32,365.4253886028605,167.21177879208975
Millet,2021-10-01,188.84615384615384,0.4596153846153846,32,32,370.98996177706977,145.18766565790406
Millet,2021-11-01,197.69230769230768,0.48269230769230764,32,32,376.554534951279,149.7426883840558
Millet,2021-12-01,210.57692307692307,0.5134615384615384,32,32,382.11910812548825,157.17944729878897
Millet,2022-01-01,220.19230769230768,0.5326923076923077,32,32,387.6836812996975,161.99751756675712
Millet,2022-02-01,227.5,0.5461538461538461,32,32,393.24825447390674,165.00546737762411
Millet,2022-03-01,235.0423076923077,0.5653846153846154,32,32,398.812827648116,168.09727022337563
Millet,2022-04-01,243.3326923076923,0.5865384615384615,32,32,404.3774008223252,171.63162802240535
Millet,2022-05-01,231.61346153846154,0.5596153846153846,32,32,409.9419739965345,161.14808406400618
Millet,2022-06-01,235.2807692307692,0.5673076923076923,16,16,415.5065471707437,161.5073521795608
Millet,2022-07-01,246.68076923076922,0.5942307692307692,16,16,421.071120344953,167.09504644294944
Millet,2022-08-01,248.3326923076923,0.5942307692307692,16,16,429.7239740376429,164.82688486120048
Millet,2022-09-01,231.0653846153846,0.5384615384615384,16,16,438.3768277303327,150.3387854102292
Millet,2022-10-01,236.35769230769228,0.5442307692307692,16,16,447.02968142302245,150.80547826867317
Millet,2022-11-01,246.87115384615382,0.5596153846153846,16,16,455.6825351157123,154.52249088782418
Millet,2022-12-01,252.8346153846154,0.5673076923076923,16,16,464.3353888084022,155.30608984507816
Millet,2023-01-01,256.9230769230769,0.5692307692307692,16,16,472.988242501092,154.9303515988628
Millet,2023-02-01,242.5,0.5269230769230768,16,16,481.6410961937818,143.6057878534115
Millet,2023-03-01,230.0,0.5,16,16,490.2939498864717,133.79966898671648
Millet,2023-04-01,270.0,0.5865384615384616,16,16,498.9468035791615,154.34524575794106
Millet,2023-05-01,280.0,0.6076923076923078,16,16,507.5996572718513,157.33322625193355
Millet,2023-06-01,310.0,0.5076923076923077,29,29,516.2525109645411,171.27077148919292
Millet,2023-07-01,376.54999999999995,0.4846153846153846,25,25,524.905364657231,204.60930383896485
Millet,2023-08-01,468.5692307692308,0.6173076923076923,24,24,539.4459689640813,247.74765455826605
Millet,2023-09-01,472.2230769230769,0.6153846153846154,27,27,553.9865732709317,243.12616784756668
Millet,2023-10-01,397.0230769230769,0.5192307692307693,31,31,568.5271775777819,199.18116017567453
Millet,2023-11-01,461.53846153846155,0.5461538461538461,21,21,583.0677818846323,225.7733050815726
Millet,2023-12-01,403.8461538461538,0.5115384615384615,8,8,597.6083861914826,192.74494859654334
Millet,2024-01-01,497.1019230769231,0.575,24,24,612.148990498333,231.6178589866154
Millet,2024-02-01,545.5038461538461,0.3596153846153846,20,20,626.6895948051833,248.27275883272677
Millet,2024-03-01,621.7961538461539,0.3846153846153846,19,19,641.2301991120337,276.5781077608958
Millet,2024-04-01,576.9230769230769,0.5,11,11,655.770803418884,250.92825785388587
Millet,2024-05-01,651.3653846153845,0.42692307692307696,17,17,670.3114077257343,277.16079723135056
Millet,2024-06-01,796.7673076923077,0.5346153846153845,16,16,684.8520120325846,331.83218545369624
Millet,2024-07-01,869.7269230769231,0.5423076923076923,5,5,699.392616339435,354.6872755188325
Millet,2024-08-01,827.6923076923076,0.5192307692307693,7,7,712.8035417854693,331.1942645123879
Millet,2024-09-01,730.7692307692307,0.44999999999999996,23,23,726.2144672315035,287.01136472190086
Millet,2024-10-01,769.2307692307692,0.46923076923076923,29,29,739.6253926775378,296.6392210298902
Millet,2024-11-01,730.7692307692307,0.4384615384615384,21,21,753.036318123572,276.78851644270713
Millet,2024-12-01,724.3596153846154,0.47115384615384615,28,28,766.4472435696063,269.5601565792235
Millet,2025-01-01,756.4115384615385,0.4846153846153846,31,31,779.8581690156404,276.6471856555437
Millet,2025-02-01,615.3846153846154,0.4076923076923077,24,24,793.2690944616747,221.26353023918696
Millet,2025-03-01,509.92692307692306,0.33076923076923076,17,17,806.680019907709,180.29777997980358
Millet,2025-04-01,500.0,0.31153846153846154,20,20,820.0909453537432,173.89685379107516
Millet,2025-05-01,541.7692307692307,0.33653846153846156,30,30,833.5018707997775,185.3922154483397
Millet,2025-06-01,540.3846153846155,0.35,26,26,846.9127962458117,181.99020686725254
Millet,2025-07-01,529.2019230769231,0.34615384615384615,18,18,860.323721691846,175.44591187641603
Millet,2025-08-01,448.71923076923076,0.2923076923076923,23,23,860.323721691846,148.7635459845982
Millet,2025-09-01,429.48653846153843,0.2865384615384615,32,32,860.323721691846,142.3873461020609
Millet,2025-10-01,380.3115384615385,0.25961538461538464,36,36,860.323721691846,126.08439567746713
Millet,2025-11-01,363.92115384615386,0.2519230769230769,38,38,860.323721691846,120.65050390675762
Millet,2025-12-01,344.9519230769231,0.23846153846153845,34,34,860.323721691846,114.36164922809067
Millet,2026-01-01,336.53846153846155,0.23461538461538461,33,33,860.323721691846,111.57234071033236
Millet,2026-02-01,340.2903846153846,0.2519230769230769,28,28,860.323721691846,112.81621292019439
Millet,2026-03-01,367.70384615384614,0.2692307692307692,27,27,860.323721691846,121.90457701634175
Millet,2026-04-01,403.8461538461538,0.3,13,13,860.323721691846,133.88680885239881
Millet,2026-05-01,394.2307692307692,0.28846153846153844,17,17,860.323721691846,130.69902768924646
Millet,2026-06-01,449.5192307692308,0.3307692307692307,16,16,860.323721691846,149.02876937737253
Palm oil,2016-01-01,268.16,1.35,3,3,171.4086989219375,446.2157297383696
Palm oil,2016-03-01,314.71500000000003,1.58,4,4,175.56664976463767,511.2804163238669
Palm oil,2016-04-01,326.58,1.645,4,4,177.64562518598774,524.347021202963
Palm oil,2016-06-01,333.365,1.68,10,10,181.8035760286879,522.9995522361809
Palm oil,2016-07-01,363.5,1.28,10,10,183.882551450038,563.8292877004886
Palm oil,2016-08-01,416.5,1.32,10,10,186.41128379681425,637.2745067695705
Palm oil,2016-09-01,461.625,1.4649999999999999,10,10,188.9400161435905,696.8657333891599
Palm oil,2016-10-01,484.5,1.5950000000000002,10,10,191.46874849036675,721.7380800643332
Palm oil,2016-11-01,633.0,2.08,11,11,193.997480837143,930.6606612048394
Palm oil,2016-12-01,733.0,2.41,19,19,196.52621318391925,1063.8177342593224
Palm oil,2017-01-01,800.0,2.63,10,10,199.05494553069548,1146.3064921243908
Palm oil,2017-02-01,800.0,2.63,17,17,201.58367787747176,1131.9268442457737
Palm oil,2017-03-01,750.0,2.455,20,20,204.112410224248,1048.0345246735712
Palm oil,2017-04-01,667.0,2.19,22,22,206.64114257102423,920.6462247348001
Palm oil,2017-05-01,633.5,2.0700000000000003,22,22,209.16987491780048,863.835842012121
Palm oil,2017-06-01,563.5,1.75,24,24,211.69860726457676,759.2060437675951
Palm oil,2017-07-01,550.0,1.8,23,23,214.227339611353,732.270489033359
Palm oil,2017-08-01,800.0,2.62,23,23,216.3865916876249,1054.4922149367753
Palm oil,2017-09-01,553.0,1.7,23,23,218.5458437638968,721.7159724311105
Palm oil,2017-10-01,760.0,2.49,21,21,220.70509584016872,982.1661648026419
Palm oil,2017-11-01,667.0,2.18,21,21,222.86434791644064,853.6286290808061
Palm oil,2017-12-01,645.5,2.05,22,22,225.02359999271255,818.1857577357231
Palm oil,2018-01-01,533.33,1.75,31,31,227.1828520689845,669.5826677671511
Palm oil,2018-02-01,600.0,1.96,21,21,229.3421041452564,746.1930416191179
Palm oil,2018-03-01,600.0,1.96,21,21,231.5013562215283,739.2331736480901
Palm oil,2018-04-01,567.0,1.86,21,21,233.66060829780025,692.1198310537336
Palm oil,2018-05-01,567.0,1.86,21,21,235.81986037407216,685.7825311339511
Palm oil,2018-06-01,600.0,1.9,19,19,237.97911245034408,719.1113560404824
Palm oil,2018-07-01,533.0,1.75,33,33,240.138364526616,633.0665949347134
Palm oil,2018-08-01,500.0,1.64,33,33,242.41896304466323,588.2841566040765
Palm oil,2018-09-01,500.0,1.64,33,33,244.6995615627105,582.8013516199813
Palm oil,2018-10-01,500.0,1.64,33,33,246.9801600807577,577.4198023555147
Palm oil,2018-11-01,471.34,1.54,33,33,249.26075859880495,539.3418521732108
Palm oil,2018-12-01,523.33,1.71,33,33,251.54135711685225,593.4033161217656
Palm oil,2019-01-01,500.0,1.63,27,27,253.8219556348995,561.8553953019658
Palm oil,2019-02-01,467.0,1.53,33,33,256.1025541529468,520.0998253829425
Palm oil,2019-03-01,467.0,1.53,33,33,258.383152670994,515.5092052951256
Palm oil,2019-04-01,467.0,1.53,33,33,260.66375118904125,510.99891368659604
Palm oil,2019-05-01,467.0,1.53,27,27,262.9443497070885,506.56686041534067
Palm oil,2019-06-01,466.83000000000004,1.53,26,26,265.22494822513573,502.0282095109473
Palm oil,2019-07-01,466.66,1.53,27,27,267.505546743183,497.5669464637591
Palm oil,2019-08-01,400.0,1.31,33,33,270.458367359174,421.83567581822746
Palm oil,2019-09-01,407.33500000000004,1.335,32,32,273.41118797516503,424.9317515378185
Palm oil,2019-10-01,466.66,1.53,33,33,276.364008591156,481.61813375644954
Palm oil,2019-11-01,467.0,1.52,33,33,279.316829207147,476.8738570932661
Palm oil,2019-12-01,467.0,1.53,33,33,282.269649823138,471.8852833754242
Palm oil,2020-01-01,475.16499999999996,1.5550000000000002,32,32,285.222470439129,475.16499999999996
Palm oil,2020-02-01,483.33,1.58,33,33,288.17529105512,478.3775046521114
Palm oil,2020-03-01,533.0,1.74,23,23,291.128111671111,522.1878982123087
Palm oil,2020-04-01,533.33,1.48,23,23,294.08093228710203,517.264750816258
Palm oil,2020-05-01,514.11,1.43,32,32,297.03375290309305,493.6668740313171
Palm oil,2020-06-01,509.56,1.42,33,33,299.986573519084,484.48155639777895
Palm oil,2020-07-01,533.33,1.4,28,28,302.939394135075,502.1390519170123
Palm oil,2020-08-01,533.0,1.4,33,33,307.2191314783556,494.8375969052116
Palm oil,2020-09-01,533.0,1.4,33,33,311.49886882163617,488.03893676771025
Palm oil,2020-10-01,511.0,1.34,33,33,315.7786061649168,461.5533780596808
Palm oil,2020-11-01,600.0,1.58,33,33,320.05834350819737,534.6946446940362
Palm oil,2020-12-01,667.0,1.75,19,19,324.3380808514779,586.5588995392003
Palm oil,2021-01-01,712.0,1.87,33,33,328.6178181947585,617.9774428187077
Palm oil,2021-02-01,720.0,1.89,33,33,332.8975555380391,616.887013136109
Palm oil,2021-03-01,729.9449999999999,1.92,34,34,337.17729288131966,617.4695644702607
Palm oil,2021-04-01,745.51,1.96,24,24,341.45703022460026,622.731954873529
Palm oil,2021-05-01,733.0,1.79,34,34,345.73676756788086,604.7030297141706
Palm oil,2021-06-01,747.9449999999999,1.82,32,32,350.0165049111614,609.487603182428
Palm oil,2021-07-01,800.0,1.95,32,32,354.296242254442,644.0316016319317
Palm oil,2021-08-01,800.0,1.95,32,32,359.8608154286513,634.0728597513653
Palm oil,2021-09-01,853.0,2.075,32,32,365.4253886028605,665.7850682317713
Palm oil,2021-10-01,894.04,2.185,32,32,370.98996177706977,687.3509359927916
Palm oil,2021-11-01,916.5,2.23,32,32,376.554534951279,694.2059380357327
Palm oil,2021-12-01,933.0,2.28,32,32,382.11910812548825,696.4126086893192
Palm oil,2022-01-01,926.5,2.2350000000000003,32,32,387.6836812996975,681.6346202036004
Palm oil,2022-02-01,926.5,2.2350000000000003,32,32,393.24825447390674,671.9892990126098
Palm oil,2022-03-01,933.0,2.25,32,32,398.812827648116,667.2617991979588
Palm oil,2022-04-01,988.0450000000001,2.3899999999999997,32,32,404.3774008223252,696.9050081234675
Palm oil,2022-05-01,1243.045,2.995,32,32,409.9419739965345,864.8647571034146
Palm oil,2022-06-01,936.975,2.26,16,16,415.5065471707437,643.1819812694398
Palm oil,2022-07-01,1020.2149999999999,2.46,16,16,421.071120344953,691.0667310564316
Palm oil,2022-08-01,1059.085,2.53,16,16,429.7239740376429,702.9508669641127
Palm oil,2022-09-01,1111.1100000000001,2.5949999999999998,16,16,438.3768277303327,722.9249337160901
Palm oil,2022-10-01,1180.3000000000002,2.715,16,16,447.02968142302245,753.0776945004134
Palm oil,2022-11-01,1214.01,2.75,16,16,455.6825351157123,759.8775565315001
Palm oil,2022-12-01,1213.935,2.7300000000000004,16,16,464.3353888084022,745.6712281634709
Palm oil,2023-01-01,1232.6,2.725,16,16,472.988242501092,743.2853197454664
Palm oil,2023-02-01,1260.5,2.74,16,16,481.6410961937818,746.4540024297946
Palm oil,2023-03-01,1200.0,2.61,16,16,490.2939498864717,698.0852294959119
Palm oil,2023-04-01,1207.5,2.625,16,16,498.9468035791615,690.2662379730141
Palm oil,2023-05-01,1300.0,2.83,16,16,507.5996572718513,730.4756933125487
Palm oil,2023-06-01,1300.0,2.13,30,30,516.2525109645411,718.2322675353251
Palm oil,2023-07-01,1300.0,1.68,26,26,524.905364657231,706.3924976514521
Palm oil,2023-08-01,1380.55,1.82,25,25,539.4459689640813,729.9412809051096
Palm oil,2023-09-01,1300.0,1.69,28,28,553.9865732709317,669.3108271227544
Palm oil,2023-10-01,1371.9,1.79,31,31,568.5271775777819,688.2638554986346
Palm oil,2023-11-01,1466.73,1.74,21,21,583.0677818846323,717.4883728183058
Palm oil,2023-12-01,1331.205,1.685,8,8,597.6083861914826,635.3484782579046
Palm oil,2024-01-01,1600.0,1.85,25,25,612.148990498333,745.4981708474273
Palm oil,2024-02-01,1357.88,0.895,20,20,626.6895948051833,618.0059336716487
Palm oil,2024-03-01,1600.0,0.99,19,19,641.2301991120337,711.6881789637504
Palm oil,2024-04-01,1467.0,1.27,11,11,655.770803418884,638.060374070861
Palm oil,2024-05-01,1467.0,0.96,19,19,670.3114077257343,624.2193692538262
Palm oil,2024-06-01,1591.595,1.065,20,20,684.8520120325846,662.85657319054
Palm oil,2024-07-01,1479.87,0.92,5,5,699.392616339435,603.5124870747857
Palm oil,2024-08-01,1600.0,1.0,10,10,712.8035417854693,640.2268310276644
Palm oil,2024-09-01,1733.0,1.07,32,32,726.2144672315035,680.6398985073372
Palm oil,2024-10-01,1687.5,1.03,33,33,739.6253926775378,650.7522911343218
Palm oil,2024-11-01,1878.26,1.13,25,25,753.036318123572,711.4158300650346
Palm oil,2024-12-01,2385.87,1.55,31,31,766.4472435696063,887.8676794207865
Palm oil,2025-01-01,2500.0,1.61,33,33,779.8581690156404,914.340843538079
Palm oil,2025-02-01,2500.0,1.66,22,22,793.2690944616747,898.883091596697
Palm oil,2025-03-01,2346.77,1.51,15,15,806.680019907709,829.7608970518622
Palm oil,2025-04-01,2222.22,1.38,21,21,820.0909453537432,772.874132863206
Palm oil,2025-05-01,2425.2,1.5150000000000001,30,30,833.5018707997775,829.8979996832421
Palm oil,2025-06-01,2500.0,1.62,25,25,846.9127962458117,841.9475762541931
Palm oil,2025-07-01,2500.0,1.63,18,18,860.323721691846,828.8231024196118
Palm oil,2025-08-01,2517.035,1.645,22,22,860.323721691846,834.470703039499
Palm oil,2025-09-01,2500.0,1.67,32,32,860.323721691846,828.8231024196118
Palm oil,2025-10-01,2469.76,1.68,37,37,860.323721691846,818.7976581727443
Palm oil,2025-11-01,2500.0,1.73,37,37,860.323721691846,828.8231024196118
Palm oil,2025-12-01,2733.335,1.885,20,20,860.323721691846,906.1804778608439
Palm oil,2026-01-01,2500.0,1.76,32,32,860.323721691846,828.8231024196118
Palm oil,2026-02-01,2500.0,1.85,26,26,860.323721691846,828.8231024196118
Palm oil,2026-03-01,2500.0,1.82,27,27,860.323721691846,828.8231024196118
Palm oil,2026-04-01,2475.0,1.84,13,13,860.323721691846,820.5348713954157
Palm oil,2026-05-01,2468.75,1.8,18,18,860.323721691846,818.4628136393666
Palm oil,2026-06-01,2564.585,1.885,16,16,860.323721691846,850.23491844752
Rice (imported),2015-09-01,209.64285714285717,1.0535714285714286,3,3,163.09279723653717,366.63086682780533
Rice (imported),2016-01-01,216.7857142857143,1.092857142857143,3,3,171.4086989219375,360.72939922752727
Rice (imported),2016-06-01,380.7142857142857,1.917857142857143,9,9,181.8035760286879,597.2834609466767
Rice (imported),2016-07-01,357.14285714285717,1.2571428571428573,9,9,183.882551450038,553.9686458051569
Rice (imported),2016-08-01,392.8571428571429,1.2464285714285717,9,9,186.41128379681425,601.0992603726013
Rice (imported),2016-09-01,410.7142857142857,1.3035714285714286,9,9,188.9400161435905,620.0112903930478
Rice (imported),2016-10-01,402.14285714285717,1.3214285714285716,9,9,191.46874849036675,599.054310889311
Rice (imported),2016-11-01,419.64285714285717,1.3785714285714286,10,10,193.997480837143,616.9748797763971
Rice (imported),2016-12-01,420.0,1.3785714285714286,19,19,196.52621318391925,609.554499848452
Rice (imported),2017-01-01,432.14285714285717,1.4214285714285715,10,10,199.05494553069548,619.2102033350503
Rice (imported),2017-02-01,410.7142857142857,1.35,17,17,201.58367787747176,581.1231566440356
Rice (imported),2017-03-01,410.7142857142858,1.3446428571428573,18,18,204.112410224248,573.9236682736224
Rice (imported),2017-04-01,428.5714285714286,1.4035714285714287,18,18,206.64114257102423,591.5482275014779
Rice (imported),2017-05-01,397.5,1.2982142857142858,18,18,209.16987491780048,542.028014522207
Rice (imported),2017-06-01,401.78571428571433,1.2446428571428574,18,18,211.69860726457676,541.3276709586414
Rice (imported),2017-07-01,732.1428571428572,2.4,17,17,214.227339611353,974.7756509859651
Rice (imported),2017-08-01,785.7142857142858,2.575,18,18,216.3865916876249,1035.6619968129044
Rice (imported),2017-09-01,714.2857142857143,2.1964285714285716,19,19,218.5458437638968,932.2086959843846
Rice (imported),2017-10-01,714.2857142857143,2.3392857142857144,19,19,220.70509584016872,923.0885007543627
Rice (imported),2017-11-01,642.8571428571429,2.1035714285714286,19,19,222.86434791644064,822.7305270643881
Rice (imported),2017-12-01,678.5714285714287,2.1571428571428575,19,19,225.02359999271255,860.1045367366793
Rice (imported),2018-01-01,401.9642857142857,1.317857142857143,30,30,227.1828520689845,504.6562518059902
Rice (imported),2018-02-01,653.5714285714287,2.1392857142857147,19,19,229.3421041452564,812.8174203351108
Rice (imported),2018-03-01,678.5714285714287,2.217857142857143,19,19,231.5013562215283,836.0375178162925
Rice (imported),2018-04-01,642.8571428571429,2.107142857142857,19,19,233.66060829780025,784.7163617389269
Rice (imported),2018-05-01,642.8571428571429,2.107142857142857,19,19,235.81986037407216,777.5312144375863
Rice (imported),2018-06-01,392.8571428571429,1.2464285714285717,19,19,237.97911245034408,470.8467212169826
Rice (imported),2018-07-01,357.14285714285717,1.1714285714285715,19,19,240.138364526616,424.1936444215448
Rice (imported),2018-08-01,357.14285714285717,1.1714285714285715,19,19,242.41896304466323,420.2029690029118
Rice (imported),2018-09-01,392.8571428571429,1.2857142857142858,19,19,244.6995615627105,457.9153477014139
Rice (imported),2018-10-01,392.8571428571429,1.2892857142857144,19,19,246.9801600807577,453.6869875650472
Rice (imported),2018-11-01,392.8571428571429,1.2857142857142858,19,19,249.26075859880495,449.5360017567937
Rice (imported),2018-12-01,357.14285714285717,1.167857142857143,19,19,251.54135711685225,404.96389612247225
Rice (imported),2019-01-01,357.14285714285717,1.1642857142857144,27,27,253.8219556348995,401.32528235854704
Rice (imported),2019-02-01,339.28571428571433,1.1107142857142858,32,32,256.1025541529468,377.86389883282004
Rice (imported),2019-03-01,333.92857142857144,1.0910714285714285,32,32,258.383152670994,368.6151016755449
Rice (imported),2019-04-01,330.7142857142857,1.0821428571428573,32,32,260.66375118904125,361.87289237824103
Rice (imported),2019-05-01,321.42857142857144,1.05,26,26,262.9443497070885,348.6618035896349
Rice (imported),2019-06-01,321.42857142857144,1.05,26,26,265.22494822513573,345.6637538289042
Rice (imported),2019-07-01,342.8571428571429,1.1214285714285714,19,19,267.505546743183,365.5646115902743
Rice (imported),2019-08-01,328.75,1.0750000000000002,32,32,270.458367359174,346.6961960631056
Rice (imported),2019-09-01,357.8571428571429,1.1714285714285715,31,31,273.41118797516503,373.31646559859837
Rice (imported),2019-10-01,405.17857142857144,1.3250000000000002,32,32,276.364008591156,418.1660039633413
Rice (imported),2019-11-01,428.5714285714286,1.3964285714285716,20,20,279.316829207147,437.63278411740544
Rice (imported),2019-12-01,428.5714285714286,1.4000000000000001,15,15,282.269649823138,433.05471095939816
Rice (imported),2020-01-01,404.28571428571433,1.3214285714285716,26,26,285.222470439129,404.28571428571433
Rice (imported),2020-02-01,395.17857142857144,1.292857142857143,26,26,288.17529105512,391.12932963396884
Rice (imported),2020-03-01,477.50000000000006,1.560714285714286,21,21,291.128111671111,467.81373620333477
Rice (imported),2020-04-01,502.28571428571433,1.3946428571428573,22,22,294.08093228710203,487.1555975447962
Rice (imported),2020-05-01,480.3678571428572,1.3357142857142859,25,25,297.03375290309305,461.2664574134653
Rice (imported),2020-06-01,470.21785714285716,1.3071428571428574,25,25,299.986573519084,447.07567170617773
Rice (imported),2020-07-01,520.1839285714286,1.3678571428571429,24,24,302.939394135075,489.76180735252836
Rice (imported),2020-08-01,552.3267857142857,1.455357142857143,26,26,307.2191314783556,512.7805991542907
Rice (imported),2020-09-01,569.1071428571429,1.4946428571428574,26,26,311.49886882163617,521.1002718703741
Rice (imported),2020-10-01,447.8571428571429,1.1767857142857143,32,32,315.7786061649168,404.52050327567775
Rice (imported),2020-11-01,568.7392857142858,1.4928571428571429,25,25,320.05834350819737,506.8364171642333
Rice (imported),2020-12-01,555.7142857142858,1.4607142857142859,25,25,324.3380808514779,488.6943926338593
Rice (imported),2021-01-01,555.7142857142858,1.4607142857142859,25,25,328.6178181947585,482.3299062128357
Rice (imported),2021-02-01,555.7142857142858,1.4607142857142859,25,25,332.8975555380391,476.129063710211
Rice (imported),2021-03-01,575.0375,1.5107142857142857,30,30,337.17729288131966,486.43138137677164
Rice (imported),2021-04-01,574.6071428571429,1.510714285714286,23,23,341.45703022460026,479.9750900131746
Rice (imported),2021-05-01,571.4285714285714,1.392857142857143,29,29,345.73676756788086,471.4114439401057
Rice (imported),2021-06-01,541.5714285714287,1.3178571428571428,27,27,350.0165049111614,441.3173053527781
Rice (imported),2021-07-01,571.4285714285714,1.3892857142857145,25,25,354.296242254442,460.022572594237
Rice (imported),2021-08-01,564.3428571428572,1.3714285714285714,27,27,359.8608154286513,447.2931116360346
Rice (imported),2021-09-01,571.4642857142858,1.3892857142857145,26,26,365.4253886028605,446.0403147201714
Rice (imported),2021-10-01,571.4285714285714,1.392857142857143,25,25,370.98996177706977,439.3225844754735
Rice (imported),2021-11-01,555.8928571428572,1.355357142857143,26,26,376.554534951279,421.06287216608916
Rice (imported),2021-12-01,581.0714285714286,1.417857142857143,25,25,382.11910812548825,433.72504759513185
Rice (imported),2022-01-01,583.2142857142858,1.4107142857142858,25,25,387.6836812996975,429.07614478162037
Rice (imported),2022-02-01,584.4642857142858,1.4071428571428573,26,26,393.24825447390674,423.911220350835
Rice (imported),2022-03-01,596.3875,1.435714285714286,28,28,398.812827648116,426.5236830323394
Rice (imported),2022-04-01,599.9946428571429,1.4482142857142857,26,26,404.3774008223252,423.1986108470709
Rice (imported),2022-05-01,616.625,1.4875000000000003,28,28,409.9419739965345,429.0248791064627
Rice (imported),2022-06-01,583.2142857142858,1.4071428571428573,15,15,415.5065471707437,400.3446407752133
Rice (imported),2022-07-01,621.9928571428571,1.5000000000000002,15,15,421.071120344953,421.3215552860567
Rice (imported),2022-08-01,660.3285714285715,1.5750000000000002,15,15,429.7239740376429,438.28261354554957
Rice (imported),2022-09-01,675.7142857142858,1.5785714285714287,15,15,438.3768277303327,439.642074331988
Rice (imported),2022-10-01,682.5678571428572,1.5714285714285716,15,15,447.02968142302245,435.50506498113214
Rice (imported),2022-11-01,675.7142857142858,1.5321428571428573,15,15,455.6825351157123,422.9455443876075
Rice (imported),2022-12-01,675.7142857142858,1.517857142857143,15,15,464.3353888084022,415.0639872119792
Rice (imported),2023-01-01,675.7142857142858,1.4928571428571429,15,15,472.988242501092,407.4708006763933
Rice (imported),2023-02-01,746.4285714285714,1.6214285714285714,11,11,481.6410961937818,442.0266518610162
Rice (imported),2023-03-01,800.0,1.7392857142857143,7,7,490.2939498864717,465.39015299727464
Rice (imported),2023-04-01,813.5714285714287,1.767857142857143,7,7,498.9468035791615,465.0773410536902
Rice (imported),2023-05-01,900.0,1.9571428571428573,8,8,507.5996572718513,505.71394152407214
Rice (imported),2023-06-01,892.8571428571429,1.4642857142857142,23,23,516.2525109645411,493.29139253799804
Rice (imported),2023-07-01,892.8571428571429,1.1535714285714287,21,21,524.905364657231,485.1596824529205
Rice (imported),2023-08-01,923.2142857142858,1.217857142857143,19,19,539.4459689640813,488.1331485742506
Rice (imported),2023-09-01,964.2857142857143,1.2571428571428573,22,22,553.9865732709317,496.4668223163289
Rice (imported),2023-10-01,1060.0642857142857,1.3839285714285716,26,26,568.5271775777819,531.820054203747
Rice (imported),2023-11-01,1071.4285714285716,1.2714285714285716,15,15,583.0677818846323,524.1166010822221
Rice (imported),2023-12-01,1190.357142857143,1.5071428571428571,7,7,597.6083861914826,568.1255699142604
Rice (imported),2024-01-01,1392.857142857143,1.6107142857142858,23,23,612.148990498333,648.9827826573586
Rice (imported),2024-02-01,1509.8517857142858,0.9964285714285716,18,18,626.6895948051833,687.1721820309328
Rice (imported),2024-03-01,1643.75,1.0214285714285714,18,18,641.2301991120337,731.1484026072904
Rice (imported),2024-04-01,1662.5,1.4410714285714288,10,10,655.770803418884,723.0915963822811
Rice (imported),2024-05-01,1587.3267857142857,1.042857142857143,18,18,670.3114077257343,675.4193080969835
Rice (imported),2024-06-01,1619.0464285714286,1.0857142857142859,19,19,684.8520120325846,674.2893559474863
Rice (imported),2024-07-01,1859.4464285714287,1.1607142857142858,5,5,699.392616339435,758.3092695233169
Rice (imported),2024-08-01,1930.3000000000002,1.2125000000000001,10,10,712.8035417854693,772.3936574579379
Rice (imported),2024-09-01,2142.857142857143,1.3178571428571428,29,29,726.2144672315035,841.612272492792
Rice (imported),2024-10-01,2196.7178571428576,1.3446428571428573,28,28,739.6253926775378,847.1224761548992
Rice (imported),2024-11-01,2142.857142857143,1.2857142857142858,22,22,753.036318123572,811.6354993432767
Rice (imported),2024-12-01,2216.721428571429,1.4392857142857143,24,24,766.4472435696063,824.9214377598299
Rice (imported),2025-01-01,2226.1910714285714,1.4321428571428574,26,26,779.8581690156404,814.1989688507759
Rice (imported),2025-02-01,2101.6482142857144,1.3910714285714287,18,18,793.2690944616747,755.6544177223282
Rice (imported),2025-03-01,2016.1285714285716,1.3,15,15,806.680019907709,712.8541152309178
Rice (imported),2025-04-01,2002.976785714286,1.248214285714286,18,18,820.0909453537432,696.6227225045498
Rice (imported),2025-05-01,1964.2857142857144,1.225,24,24,833.5018707997775,672.1741650552875
Rice (imported),2025-06-01,1866.9964285714289,1.2107142857142859,23,23,846.9127962458117,628.7652471643796
Rice (imported),2025-07-01,1696.4285714285716,1.1089285714285715,16,16,860.323721691846,562.4156766418795
Rice (imported),2025-08-01,1683.0357142857144,1.0982142857142856,20,20,860.323721691846,557.9755528789173
Rice (imported),2025-09-01,1650.0,1.1,27,27,860.323721691846,547.0232475969437
Rice (imported),2025-10-01,1514.4232142857145,1.0339285714285715,30,30,860.323721691846,502.07557873622653
Rice (imported),2025-11-01,1482.1428571428573,1.0285714285714287,31,31,860.323721691846,491.3736964344842
Rice (imported),2025-12-01,1455.357142857143,1.0035714285714286,27,27,860.323721691846,482.49344890855974
Rice (imported),2026-01-01,1389.880357142857,0.9767857142857144,26,26,860.323721691846,460.7859798396883
Rice (imported),2026-02-01,1428.5714285714287,1.0571428571428572,20,20,860.323721691846,473.61320138263534
Rice (imported),2026-03-01,1428.5714285714287,1.0392857142857144,21,21,860.323721691846,473.61320138263534
Rice (imported),2026-04-01,1522.7678571428573,1.1321428571428571,10,10,860.323721691846,504.8420718488029
Rice (imported),2026-05-01,1339.2857142857144,0.9785714285714288,13,13,860.323721691846,444.0123762962206
Rice (imported),2026-06-01,1428.5714285714287,1.05,11,11,860.323721691846,473.61320138263534
Rice (local),2016-06-01,309.25925925925924,1.5592592592592591,9,9,181.8035760286879,485.1812701317941
Rice (local),2016-07-01,292.96296296296293,1.0333333333333332,9,9,183.882551450038,454.41842841824496
Rice (local),2016-08-01,314.4444444444444,1.0,9,9,186.41128379681425,481.1222766861102
Rice (local),2016-09-01,289.25925925925924,0.9185185185185184,9,9,188.9400161435905,436.6636682227107
Rice (local),2016-10-01,285.55555555555554,0.9407407407407407,9,9,191.46874849036675,425.37939818033163
Rice (local),2016-11-01,282.037037037037,0.9259259259259258,10,10,193.997480837143,414.6615724694196
Rice (local),2016-12-01,285.55555555555554,0.9370370370370369,19,19,196.52621318391925,414.4325567752703
Rice (local),2017-01-01,314.4444444444444,1.0333333333333332,10,10,199.05494553069548,450.5621350988924
Rice (local),2017-02-01,303.7037037037037,0.9962962962962962,17,17,201.58367787747176,429.7129686488585
Rice (local),2017-03-01,310.7407407407407,1.0185185185185184,17,17,204.112410224248,434.2226993585808
Rice (local),2017-04-01,317.96296296296293,1.0425925925925925,18,18,206.64114257102423,438.87766335433713
Rice (local),2017-05-01,303.7037037037037,0.9925925925925926,17,17,209.16987491780048,414.12808936241294
Rice (local),2017-06-01,303.7037037037037,0.9407407407407407,18,18,211.69860726457676,409.1813440398488
Rice (local),2017-07-01,571.4814814814814,1.8740740740740738,17,17,214.227339611353,760.8709525780962
Rice (local),2017-08-01,589.2592592592592,1.9333333333333331,18,18,216.3865916876249,776.7116268353747
Rice (local),2017-09-01,571.4814814814814,1.759259259259259,19,19,218.5458437638968,745.8360092835063
Rice (local),2017-10-01,499.99999999999994,1.6370370370370368,19,19,220.70509584016872,646.1619505280538
Rice (local),2017-11-01,428.5185185185185,1.4037037037037037,19,19,222.86434791644064,548.4193035962534
Rice (local),2017-12-01,428.5185185185185,1.362962962962963,19,19,225.02359999271255,543.1568532577281
Rice (local),2018-01-01,267.77777777777777,0.8777777777777778,30,30,227.1828520689845,336.1883989522505
Rice (local),2018-02-01,428.5185185185185,1.4037037037037037,20,20,229.3421041452564,532.9292278724193
Rice (local),2018-03-01,428.5185185185185,1.4,20,20,231.5013562215283,527.9585073523705
Rice (local),2018-04-01,428.5185185185185,1.4037037037037037,20,20,233.66060829780025,523.0796554504996
Rice (local),2018-05-01,428.5185185185185,1.4037037037037037,20,20,235.81986037407216,518.290148619754
Rice (local),2018-06-01,285.55555555555554,0.9074074074074074,19,19,237.97911245034408,342.24373796741475
Rice (local),2018-07-01,249.99999999999997,0.8185185185185184,20,20,240.138364526616,296.9355510950813
Rice (local),2018-08-01,249.99999999999997,0.8185185185185184,19,19,242.41896304466323,294.1420783020382
Rice (local),2018-09-01,257.2222222222222,0.8425925925925926,20,20,244.6995615627105,299.8189175556125
Rice (local),2018-10-01,267.77777777777777,0.8814814814814814,21,21,246.9801600807577,309.2403830392867
Rice (local),2018-11-01,249.99999999999997,0.8185185185185184,21,21,249.26075859880495,286.06836475432317
Rice (local),2018-12-01,249.99999999999997,0.8185185185185184,20,20,251.54135711685225,283.4747272857305
Rice (local),2019-01-01,249.99999999999997,0.8148148148148149,26,26,253.8219556348995,280.9276976509829
Rice (local),2019-02-01,245.18518518518516,0.8037037037037036,31,31,256.1025541529468,273.0637516087778
Rice (local),2019-03-01,249.99999999999997,0.8185185185185184,32,32,258.383152670994,275.96852531858974
Rice (local),2019-04-01,249.99999999999997,0.8185185185185184,32,32,260.66375118904125,273.55402231616483
Rice (local),2019-05-01,249.99999999999997,0.8185185185185184,27,27,262.9443497070885,271.18140279193824
Rice (local),2019-06-01,249.99999999999997,0.8185185185185184,26,26,265.22494822513573,268.8495863113699
Rice (local),2019-07-01,249.99999999999997,0.8185185185185184,19,19,267.505546743183,266.55752928457497
Rice (local),2019-08-01,249.99999999999997,0.8185185185185184,30,30,270.458367359174,263.6472973863921
Rice (local),2019-09-01,253.33333333333331,0.8277777777777777,30,30,273.41118797516503,264.27725841444345
Rice (local),2019-10-01,265.18518518518516,0.8666666666666666,32,32,276.364008591156,273.6853254805369
Rice (local),2019-11-01,277.77777777777777,0.9037037037037037,20,20,279.316829207147,283.6508785946146
Rice (local),2019-12-01,267.77777777777777,0.874074074074074,19,19,282.269649823138,270.5789990327795
Rice (local),2020-01-01,262.96296296296293,0.8592592592592592,31,31,285.222470439129,262.96296296296293
Rice (local),2020-02-01,258.5185185185185,0.8444444444444443,31,31,288.17529105512,255.86957936658084
Rice (local),2020-03-01,285.55555555555554,0.9333333333333332,21,21,291.128111671111,279.762955681808
Rice (local),2020-04-01,307.037037037037,0.8518518518518517,23,23,294.08093228710203,297.78830452876286
Rice (local),2020-05-01,336.5537037037037,0.9333333333333332,32,32,297.03375290309305,323.17094561683206
Rice (local),2020-06-01,348.14814814814815,0.9666666666666666,33,33,299.986573519084,331.0137308105412
Rice (local),2020-07-01,367.77777777777777,0.9666666666666666,29,29,302.939394135075,346.26888539830674
Rice (local),2020-08-01,400.11851851851844,1.0555555555555556,33,33,307.2191314783556,371.4703305459232
Rice (local),2020-09-01,410.7407407407407,1.0777777777777777,33,33,311.49886882163617,376.0928225108683
Rice (local),2020-10-01,297.77777777777777,0.7814814814814813,33,33,315.7786061649168,268.96348188735476
Rice (local),2020-11-01,349.25925925925924,0.9185185185185184,33,33,320.05834350819737,311.2450925595532
Rice (local),2020-12-01,357.037037037037,0.9370370370370369,33,33,324.3380808514779,313.9778883645894
Rice (local),2021-01-01,357.037037037037,0.9370370370370369,33,33,328.6178181947585,309.888813398478
Rice (local),2021-02-01,366.2037037037037,0.9629629629629629,33,33,332.8975555380391,313.7587624682755
Rice (local),2021-03-01,403.51111111111106,1.0592592592592593,34,34,337.17729288131966,341.3350732407082
Rice (local),2021-04-01,407.5314814814814,1.0722222222222222,24,24,341.45703022460026,340.4151200325527
Rice (local),2021-05-01,420.7407407407407,1.025925925925926,34,34,345.73676756788086,347.09850020478893
Rice (local),2021-06-01,428.5185185185185,1.0444444444444443,32,32,350.0165049111614,349.1924202596939
Rice (local),2021-07-01,428.5185185185185,1.0444444444444443,32,32,354.296242254442,344.97433476303013
Rice (local),2021-08-01,428.5185185185185,1.0444444444444443,32,32,359.8608154286513,339.6399531168193
Rice (local),2021-09-01,416.85185185185185,1.0148148148148146,32,32,365.4253886028605,325.36194446392193
Rice (local),2021-10-01,392.96296296296293,0.9592592592592591,32,32,370.98996177706977,302.11563286105013
Rice (local),2021-11-01,404.44444444444446,0.9851851851851852,32,32,376.554534951279,306.34777407408217
Rice (local),2021-12-01,392.96296296296293,0.9592592592592591,32,32,382.11910812548825,293.3165725137421
Rice (local),2022-01-01,428.5185185185185,1.037037037037037,32,32,387.6836812996975,315.26503790672405
Rice (local),2022-02-01,437.2222222222222,1.0537037037037038,32,32,393.24825447390674,317.11673461829093
Rice (local),2022-03-01,445.824074074074,1.0722222222222222,32,32,398.812827648116,318.84391617623874
Rice (local),2022-04-01,462.59259259259255,1.1166666666666665,32,32,404.3774008223252,326.28381753725444
Rice (local),2022-05-01,464.4444444444444,1.1185185185185185,32,32,409.9419739965345,323.1432744852155
Rice (local),2022-06-01,458.35740740740744,1.1055555555555556,16,16,415.5065471707437,314.63723730710007
Rice (local),2022-07-01,466.8222222222222,1.1240740740740738,16,16,421.071120344953,316.21306008597224
Rice (local),2022-08-01,466.58888888888885,1.112962962962963,16,16,429.7239740376429,309.6909728305721
Rice (local),2022-09-01,482.6592592592592,1.1277777777777778,16,16,438.3768277303327,314.0340857407971
Rice (local),2022-10-01,494.6833333333333,1.1370370370370368,16,16,447.02968142302245,315.62736946068463
Rice (local),2022-11-01,533.3944444444444,1.2092592592592593,16,16,455.6825351157123,333.8641914909444
Rice (local),2022-12-01,515.537037037037,1.1592592592592592,16,16,464.3353888084022,316.67357442627826
Rice (local),2023-01-01,517.4074074074074,1.1444444444444444,15,15,472.988242501092,312.0082186057826
Rice (local),2023-02-01,603.8888888888889,1.3129629629629629,16,16,481.6410961937818,357.61624604045426
Rice (local),2023-03-01,640.0,1.3925925925925924,16,16,490.2939498864717,372.31212239781973
Rice (local),2023-04-01,657.5925925925926,1.4296296296296296,16,16,498.9468035791615,375.9121863418715
Rice (local),2023-05-01,704.2592592592592,1.5314814814814812,16,16,507.5996572718513,395.72636206091494
Rice (local),2023-06-01,711.1111111111111,1.1648148148148147,30,30,516.2525109645411,392.87918907915224
Rice (local),2023-07-01,736.211111111111,0.95,26,26,524.905364657231,400.04154275117577
Rice (local),2023-08-01,813.6185185185185,1.0703703703703704,25,25,539.4459689640813,430.18633412446127
Rice (local),2023-09-01,846.7759259259259,1.1037037037037036,28,28,553.9865732709317,435.9663810531674
Rice (local),2023-10-01,805.1518518518517,1.0518518518518518,31,31,568.5271775777819,403.93390029697565
Rice (local),2023-11-01,846.9777777777778,1.0037037037037035,21,21,583.0677818846323,414.320773142325
Rice (local),2023-12-01,824.074074074074,1.0444444444444443,8,8,597.6083861914826,393.3084753548512
Rice (local),2024-01-01,953.7037037037037,1.1037037037037036,25,25,612.148990498333,444.3652291509549
Rice (local),2024-02-01,1111.75,0.7333333333333333,20,20,626.6895948051833,505.9858726540308
Rice (local),2024-03-01,1240.7407407407406,0.7703703703703704,19,19,641.2301991120337,551.8878239649454
Rice (local),2024-04-01,1253.7037037037037,1.0888888888888888,11,11,655.770803418884,545.2887894745802
Rice (local),2024-05-01,1265.2333333333333,0.8296296296296296,19,19,670.3114077257343,538.3661576634285
Rice (local),2024-06-01,1327.2944444444443,0.8907407407407407,20,20,684.8520120325846,552.7824899294644
Rice (local),2024-07-01,1499.4037037037035,0.9370370370370369,5,5,699.392616339435,611.478615250912
Rice (local),2024-08-01,1600.359259259259,1.0037037037037035,8,8,712.8035417854693,640.370585663335
Rice (local),2024-09-01,1611.111111111111,0.9888888888888888,24,24,726.2144672315035,632.767745614951
Rice (local),2024-10-01,1460.9055555555553,0.8944444444444444,24,24,739.6253926775378,563.3704517977108
Rice (local),2024-11-01,1481.4814814814813,0.8888888888888888,23,23,753.036318123572,561.1307155953517
Rice (local),2024-12-01,1518.5185185185185,0.9851851851851852,28,28,766.4472435696063,565.0951280641979
Rice (local),2025-01-01,1475.309259259259,0.948148148148148,30,30,779.8581690156404,539.5742050362597
Rice (local),2025-02-01,1481.4814814814813,0.9814814814814814,25,25,793.2690944616747,532.6714616869315
Rice (local),2025-03-01,1424.074074074074,0.9203703703703703,16,16,806.680019907709,503.51801888212464
Rice (local),2025-04-01,1472.2222222222222,0.9166666666666666,20,20,820.0909453537432,512.0296250514991
Rice (local),2025-05-01,1325.6185185185184,0.8259259259259258,31,31,833.5018707997775,453.6236833504789
Rice (local),2025-06-01,1259.2592592592591,0.8148148148148149,27,27,846.9127962458117,424.09211248359355
Rice (local),2025-07-01,1132.6148148148147,0.7407407407407407,19,19,860.323721691846,375.4949298644915
Rice (local),2025-08-01,1123.0592592592593,0.7333333333333333,24,24,860.323721691846,372.32698378413215
Rice (local),2025-09-01,1111.111111111111,0.7407407407407407,33,33,860.323721691846,368.36582329760523
Rice (local),2025-10-01,988.4259259259259,0.674074074074074,37,37,860.323721691846,327.6920969751613
Rice (local),2025-11-01,920.987037037037,0.6388888888888888,38,38,860.323721691846,305.3341333301132
Rice (local),2025-12-01,821.7592592592591,0.5648148148148148,34,34,860.323721691846,272.4372234805205
Rice (local),2026-01-01,814.8148148148148,0.5740740740740741,33,33,860.323721691846,270.13493708491046
Rice (local),2026-02-01,855.2814814814815,0.6314814814814814,28,28,860.323721691846,283.5508203694093
Rice (local),2026-03-01,893.0703703703703,0.6518518518518518,27,27,860.323721691846,296.07894201976086
Rice (local),2026-04-01,948.148148148148,0.7037037037037036,13,13,860.323721691846,314.3388358806231
Rice (local),2026-05-01,1069.4444444444443,0.7814814814814814,18,18,860.323721691846,354.552104923945
Rice (local),2026-06-01,1074.074074074074,0.7907407407407407,16,16,860.323721691846,356.08696252101834
Sorghum,2016-11-01,142.96296296296296,0.4703703703703703,8,8,193.997480837143,210.1895823679527
Sorghum,2016-12-01,152.2222222222222,0.5,8,8,196.52621318391925,220.9231917440157
Sorghum,2017-01-01,160.74074074074073,0.5296296296296296,8,8,199.05494553069548,230.3226933249933
Sorghum,2017-02-01,156.29629629629628,0.512962962962963,16,16,201.58367787747176,221.1449667924613
Sorghum,2017-03-01,150.0,0.4925925925925926,17,17,204.112410224248,209.60690493471424
Sorghum,2017-04-01,165.55555555555554,0.5444444444444444,17,17,206.64114257102423,228.51288936445974
Sorghum,2017-05-01,155.55555555555554,0.5074074074074074,17,17,209.16987491780048,212.1143872344066
Sorghum,2017-06-01,164.44444444444443,0.5111111111111111,17,17,211.69860726457676,221.5567277484059
Sorghum,2017-07-01,269.25925925925924,0.8814814814814814,17,17,214.227339611353,358.4920171900687
Sorghum,2017-08-01,288.5185185185185,0.9444444444444443,17,17,216.3865916876249,380.30066455358696
Sorghum,2017-09-01,230.74074074074073,0.711111111111111,19,19,218.5458437638968,301.1379350509556
Sorghum,2017-10-01,211.48148148148147,0.6925925925925925,19,19,220.70509584016872,273.30257314927314
Sorghum,2017-11-01,169.25925925925924,0.5555555555555555,19,19,222.86434791644064,216.6185149036195
Sorghum,2017-12-01,153.7037037037037,0.4888888888888889,19,19,225.02359999271255,194.8228989645265
Sorghum,2018-01-01,125.18518518518518,0.41055555555555556,31,44,227.1828520689845,157.16691403300229
Sorghum,2018-02-01,172.96296296296296,0.5666666666666667,19,19,229.3421041452564,215.10626570131365
Sorghum,2018-03-01,192.2222222222222,0.6296296296296295,19,19,231.5013562215283,236.8284056317029
Sorghum,2018-04-01,192.2222222222222,0.6296296296296295,19,19,233.66060829780025,234.6398800162569
Sorghum,2018-05-01,192.2222222222222,0.6296296296296295,19,19,235.81986037407216,232.49143226763377
Sorghum,2018-06-01,115.55555555555554,0.36666666666666664,19,19,237.97911245034408,138.4955204226114
Sorghum,2018-07-01,115.55555555555554,0.37777777777777777,19,19,240.138364526616,137.2502102839487
Sorghum,2018-08-01,115.55555555555554,0.37777777777777777,19,19,242.41896304466323,135.95900508183098
Sorghum,2018-09-01,114.44444444444444,0.37407407407407406,19,19,244.6995615627105,133.39675381524015
Sorghum,2018-10-01,100.0,0.3296296296296296,20,20,246.9801600807577,115.48396047110293
Sorghum,2018-11-01,92.96296296296296,0.30370370370370364,20,20,249.26075859880495,106.37505119012613
Sorghum,2018-12-01,96.29629629629629,0.31481481481481477,20,20,251.54135711685225,109.19026532487398
Sorghum,2019-01-01,87.41,0.28,24,31,253.8219556348995,98.22356020668967
Sorghum,2019-02-01,85.99,0.28148148148148144,33,48,256.1025541529468,95.76741752607973
Sorghum,2019-03-01,88.05277777777778,0.29074074074074074,32,48,258.383152670994,97.1991809341553
Sorghum,2019-04-01,89.1,0.29,32,47,260.66375118904125,97.49465355348116
Sorghum,2019-05-01,85.55555555555554,0.28148148148148144,25,30,262.9443497070885,92.80430228879663
Sorghum,2019-06-01,84.06,0.27,22,27,265.22494822513573,90.39798490133502
Sorghum,2019-07-01,91.48148148148147,0.29814814814814816,18,18,267.505546743183,97.5403107159852
Sorghum,2019-08-01,82.09,0.27,31,44,270.458367359174,86.57122656979573
Sorghum,2019-09-01,80.785,0.26,31,44,273.41118797516503,84.27488810925323
Sorghum,2019-10-01,82.445,0.27,32,46,276.364008591156,85.0876591898823
Sorghum,2019-11-01,84.44444444444444,0.274074074074074,17,17,279.316829207147,86.22986709276285
Sorghum,2019-12-01,80.74074074074073,0.2648148148148148,18,18,282.269649823138,81.58536900296808
Sorghum,2020-01-01,84.61,0.28,31,46,285.222470439129,84.61
Sorghum,2020-02-01,86.42,0.28,32,47,288.17529105512,85.5344877248163
Sorghum,2020-03-01,100.0,0.3259259259259259,22,35,291.128111671111,97.9714630792324
Sorghum,2020-04-01,108.83500000000001,0.3,23,38,294.08093228710203,105.55661439462891
Sorghum,2020-05-01,107.77388888888888,0.3,32,46,297.03375290309305,103.48835624667146
Sorghum,2020-06-01,121.22999999999999,0.34,33,48,299.986573519084,115.26355891769909
Sorghum,2020-07-01,158.88,0.42,29,45,302.939394135075,149.58815849206852
Sorghum,2020-08-01,178.4,0.47,33,49,307.2191314783556,165.6266928478232
Sorghum,2020-09-01,192.2222222222222,0.5037037037037037,33,49,311.49886882163617,176.0073714004875
Sorghum,2020-10-01,156.04500000000002,0.41,32,48,315.7786061649168,140.9453950671681
Sorghum,2020-11-01,153.7037037037037,0.40370370370370373,33,49,320.05834350819737,136.97424540001546
Sorghum,2020-12-01,152.69,0.4,33,49,324.3380808514779,134.27537986602772
Sorghum,2021-01-01,162.89,0.43,33,49,328.6178181947585,141.37969896171245
Sorghum,2021-02-01,168.5185185185185,0.4444444444444444,33,49,332.8975555380391,144.3845632597374
Sorghum,2021-03-01,185.55555555555554,0.4888888888888889,34,51,337.17729288131966,156.96375490472045
Sorghum,2021-04-01,191.875,0.505,24,40,341.45703022460026,160.27510541958983
Sorghum,2021-05-01,190.0,0.46,34,51,345.73676756788086,156.74430511008515
Sorghum,2021-06-01,220.06,0.535,32,48,350.0165049111614,179.32313466407973
Sorghum,2021-07-01,235.18518518518516,0.5722222222222222,32,48,354.296242254442,189.33336436864658
Sorghum,2021-08-01,233.9461111111111,0.5683333333333334,32,48,359.8608154286513,185.4235996249161
Sorghum,2021-09-01,236.05,0.575,32,48,365.4253886028605,184.24216337175807
Sorghum,2021-10-01,231.59,0.5629629629629629,32,49,370.98996177706977,178.0497553426811
Sorghum,2021-11-01,207.83,0.51,32,49,376.554534951279,157.4215167506452
Sorghum,2021-12-01,207.037037037037,0.5037037037037037,32,49,382.11910812548825,154.53719513212235
Sorghum,2022-01-01,217.12,0.52,32,49,387.6836812996975,159.73719237841956
Sorghum,2022-02-01,218.98,0.53,32,49,393.24825447390674,158.82592196198738
Sorghum,2022-03-01,230.06,0.55,32,49,398.812827648116,164.53402949998116
Sorghum,2022-04-01,233.36,0.56,32,49,404.3774008223252,164.597515999466
Sorghum,2022-05-01,226.685,0.545,32,48,409.9419739965345,157.71904272491142
Sorghum,2022-06-01,219.27,0.53,16,32,415.5065471707437,150.5168366636784
Sorghum,2022-07-01,229.28,0.555,16,32,421.071120344953,155.30822434155414
Sorghum,2022-08-01,215.43,0.51,16,31,429.7239740376429,142.98824482461634
Sorghum,2022-09-01,222.39,0.52,16,31,438.3768277303327,144.69429310250223
Sorghum,2022-10-01,209.88,0.48,16,31,447.02968142302245,133.91167205095883
Sorghum,2022-11-01,212.13,0.48,16,32,455.6825351157123,132.77718146228378
Sorghum,2022-12-01,211.91,0.475,16,32,464.3353888084022,130.1677519472798
Sorghum,2023-01-01,209.03,0.46499999999999997,16,32,472.988242501092,126.0497569255191
Sorghum,2023-02-01,193.7037037037037,0.42222222222222217,16,16,481.6410961937818,114.70916692987278
Sorghum,2023-03-01,199.07407407407408,0.4333333333333333,16,16,490.2939498864717,115.80889223890516
Sorghum,2023-04-01,242.4074074074074,0.5277777777777777,16,16,498.9468035791615,138.57196618459864
Sorghum,2023-05-01,258.5185185185185,0.5629629629629629,16,16,507.5996572718513,145.2626877299598
Sorghum,2023-06-01,296.2962962962963,0.48518518518518516,29,29,516.2525109645411,163.69966211631342
Sorghum,2023-07-01,358.0259259259259,0.4629629629629629,25,25,524.905364657231,194.54371387599124
Sorghum,2023-08-01,471.8111111111111,0.6203703703703702,24,24,539.4459689640813,249.46174118264994
Sorghum,2023-09-01,444.4444444444444,0.5777777777777777,27,27,553.9865732709317,228.82421440094166
Sorghum,2023-10-01,424.1222222222222,0.5537037037037036,30,30,568.5271775777819,212.77643842066865
Sorghum,2023-11-01,455.0685185185185,0.5407407407407407,20,20,583.0677818846323,222.6083675064183
Sorghum,2023-12-01,396.62777777777774,0.5018518518518518,8,8,597.6083861914826,189.2998111079251
Sorghum,2024-01-01,465.6518518518518,0.537037037037037,25,25,612.148990498333,216.96412737954546
Sorghum,2024-02-01,486.5314814814815,0.3222222222222222,20,20,626.6895948051833,221.43292667512105
Sorghum,2024-03-01,533.0944444444444,0.3314814814814815,18,18,641.2301991120337,237.1231339889743
Sorghum,2024-04-01,533.0111111111111,0.4629629629629629,11,11,655.770803418884,231.82908584831682
Sorghum,2024-05-01,604.5407407407408,0.3962962962962963,18,18,670.3114077257343,257.2365643308972
Sorghum,2024-06-01,738.4259259259259,0.49444444444444446,18,18,684.8520120325846,307.5345667800607
Sorghum,2024-07-01,814.8148148148148,0.5111111111111111,5,5,699.392616339435,332.29331994990764
Sorghum,2024-08-01,823.1777777777777,0.5185185185185185,3,3,712.8035417854693,329.3878125244135
Sorghum,2024-09-01,796.2962962962963,0.4888888888888889,18,18,726.2144672315035,312.7472765683091
Sorghum,2024-10-01,738.3518518518517,0.45185185185185184,26,26,739.6253926775378,284.73135363310337
Sorghum,2024-11-01,740.7407407407406,0.4444444444444444,21,21,753.036318123572,280.56535779767586
Sorghum,2024-12-01,658.25,0.4277777777777777,30,30,766.4472435696063,244.9584009098286
Sorghum,2025-01-01,574.074074074074,0.37037037037037035,33,33,779.8581690156404,209.95974925689217
Sorghum,2025-02-01,555.5555555555555,0.36666666666666664,25,25,793.2690944616747,199.75179813259933
Sorghum,2025-03-01,481.48148148148147,0.31111111111111106,15,15,806.680019907709,170.2401624308874
Sorghum,2025-04-01,467.59259259259255,0.29259259259259257,21,21,820.0909453537432,162.62576141572768
Sorghum,2025-05-01,492.2851851851852,0.30740740740740735,31,31,833.5018707997775,168.4588860542964
Sorghum,2025-06-01,481.48148148148147,0.31111111111111106,27,27,846.9127962458117,162.1528665378446
Sorghum,2025-07-01,444.4444444444444,0.28888888888888886,19,19,860.323721691846,147.3463293190421
Sorghum,2025-08-01,388.1166666666667,0.2537037037037037,24,24,860.323721691846,128.67202390697
Sorghum,2025-09-01,370.3703703703703,0.24814814814814815,33,33,860.323721691846,122.7886077658684
Sorghum,2025-10-01,333.3333333333333,0.22592592592592592,37,37,860.323721691846,110.50974698928157
Sorghum,2025-11-01,308.64259259259256,0.21296296296296294,38,38,860.323721691846,102.32404445256994
Sorghum,2025-12-01,296.2962962962963,0.20370370370370372,34,34,860.323721691846,98.23088621269473
Sorghum,2026-01-01,256.17407407407404,0.18148148148148147,33,33,860.323721691846,84.92919633341819
Sorghum,2026-02-01,272.1333333333333,0.20185185185185187,28,28,860.323721691846,90.22015744204947
Sorghum,2026-03-01,296.2962962962963,0.2148148148148148,27,27,860.323721691846,98.23088621269473
Sorghum,2026-04-01,363.88888888888886,0.27037037037037037,13,13,860.323721691846,120.6398071299657
Sorghum,2026-05-01,321.237037037037,0.23518518518518516,18,18,860.323721691846,106.49947105964829
Sorghum,2026-06-01,357.6388888888889,0.26296296296296295,16,16,860.323721691846,118.56774937391668
Vegetable oil,2016-06-01,411.0,2.075,8,8,181.8035760286879,644.7971921739545
Vegetable oil,2016-07-01,400.0,1.41,6,6,183.882551450038,620.4448833017757
Vegetable oil,2016-08-01,416.5,1.32,8,8,186.41128379681425,637.2745067695705
Vegetable oil,2016-09-01,512.0,1.625,8,8,188.9400161435905,772.9114660064986
Vegetable oil,2016-10-01,523.0,1.72,8,8,191.46874849036675,779.0898160446776
Vegetable oil,2016-11-01,560.0,1.84,9,9,193.997480837143,823.3332863739495
Vegetable oil,2016-12-01,595.0,1.955,18,18,196.52621318391925,863.5355414519738
Vegetable oil,2017-01-01,640.0,2.105,8,8,199.05494553069548,917.0451936995125
Vegetable oil,2017-02-01,633.0,2.08,16,16,201.58367787747176,895.6371155094683
Vegetable oil,2017-03-01,783.0,2.565,18,18,204.112410224248,1094.1480437592083
Vegetable oil,2017-04-01,850.0,2.785,18,18,206.64114257102423,1173.237317877931
Vegetable oil,2017-05-01,757.5,2.4749999999999996,18,18,209.16987491780048,1032.9213106932623
Vegetable oil,2017-06-01,507.0,1.575,18,18,211.69860726457676,683.0833437270111
Vegetable oil,2017-07-01,716.5,2.3499999999999996,14,14,214.227339611353,953.948737077094
Vegetable oil,2017-08-01,840.0,2.755,18,18,216.3865916876249,1107.2168256836142
Vegetable oil,2017-09-01,667.0,2.05,18,18,218.5458437638968,870.4964803102182
Vegetable oil,2017-10-01,867.0,2.84,19,19,220.70509584016872,1120.4448222156454
Vegetable oil,2017-11-01,680.0,2.23,19,19,222.86434791644064,870.2660686281082
Vegetable oil,2017-12-01,680.0,2.16,19,19,225.02359999271255,861.9152831298089
Vegetable oil,2018-01-01,667.0,2.18,19,19,227.1828520689845,837.4020576391534
Vegetable oil,2018-02-01,667.0,2.18,19,19,229.3421041452564,829.5179312665861
Vegetable oil,2018-03-01,650.0,2.125,18,18,231.5013562215283,800.8359381187643
Vegetable oil,2018-04-01,667.0,2.19,19,19,233.66060829780025,814.1868206575667
Vegetable oil,2018-05-01,700.0,2.29,19,19,235.81986037407216,846.6451001653717
Vegetable oil,2018-06-01,564.0,1.79,19,19,237.97911245034408,675.9646746780535
Vegetable oil,2018-07-01,600.0,1.97,19,19,240.138364526616,712.6453226281951
Vegetable oil,2018-08-01,533.0,1.75,19,19,242.41896304466323,627.1109109399456
Vegetable oil,2018-09-01,533.0,1.75,18,18,244.6995615627105,621.2662408269
Vegetable oil,2018-10-01,473.0,1.55,19,19,246.9801600807577,546.2391330283169
Vegetable oil,2018-11-01,500.0,1.64,19,19,249.26075859880495,572.1367295086465
Vegetable oil,2018-12-01,467.0,1.53,19,19,251.54135711685225,529.5307905697446
Vegetable oil,2019-01-01,467.0,1.52,19,19,253.8219556348995,524.7729392120361
Vegetable oil,2019-02-01,467.0,1.53,19,19,256.1025541529468,520.0998253829425
Vegetable oil,2019-03-01,427.0,1.4,19,19,258.383152670994,471.3542412441513
Vegetable oil,2019-04-01,440.0,1.44,18,18,260.66375118904125,481.4550792764502
Vegetable oil,2019-05-01,453.5,1.48,16,16,262.9443497070885,491.92306466457603
Vegetable oil,2019-06-01,466.5,1.525,16,16,265.22494822513573,501.67332805701625
Vegetable oil,2019-07-01,467.0,1.53,15,15,267.505546743183,497.92946470358606
Vegetable oil,2019-08-01,407.0,1.33,17,17,270.458367359174,429.2178001450464
Vegetable oil,2019-09-01,457.0,1.495,16,16,273.41118797516503,476.7422648502658
Vegetable oil,2019-10-01,427.0,1.4,19,19,276.364008591156,440.6868879141215
Vegetable oil,2019-11-01,467.0,1.52,19,19,279.316829207147,476.8738570932661
Vegetable oil,2019-12-01,467.0,1.53,19,19,282.269649823138,471.8852833754242
Vegetable oil,2020-01-01,476.5,1.56,18,18,285.222470439129,476.5
Vegetable oil,2020-02-01,533.0,1.74,19,19,288.17529105512,527.5385553960551
Vegetable oil,2020-03-01,667.0,2.18,8,8,291.128111671111,653.4696587384801
Vegetable oil,2020-04-01,667.0,1.85,8,8,294.08093228710203,646.9082721662836
Vegetable oil,2020-05-01,533.0,1.48,19,19,297.03375290309305,511.8057300163234
Vegetable oil,2020-06-01,533.0,1.48,19,19,299.986573519084,506.7679361802657
Vegetable oil,2020-07-01,560.0,1.47,15,15,302.939394135075,527.2492998209867
Vegetable oil,2020-08-01,563.0,1.48,19,19,307.2191314783556,522.6896192450922
Vegetable oil,2020-09-01,560.0,1.47,19,19,311.49886882163617,512.7613594557555
Vegetable oil,2020-10-01,427.0,1.12,19,19,315.7786061649168,385.68158988548674
Vegetable oil,2020-11-01,607.0,1.59,19,19,320.05834350819737,540.9327488821333
Vegetable oil,2020-12-01,667.0,1.75,19,19,324.3380808514779,586.5588995392003
Vegetable oil,2021-01-01,667.0,1.75,19,19,328.6178181947585,578.9198797192106
Vegetable oil,2021-02-01,667.0,1.75,19,19,332.8975555380391,571.4772746691452
Vegetable oil,2021-03-01,784.0,2.06,19,19,337.17729288131966,663.1953620405434
Vegetable oil,2021-04-01,863.5,2.2699999999999996,8,8,341.45703022460026,721.2901812628836
Vegetable oil,2021-05-01,800.0,1.95,19,19,345.73676756788086,659.976021516148
Vegetable oil,2021-06-01,800.0,1.95,17,17,350.0165049111614,651.9063334148132
Vegetable oil,2021-07-01,833.0,2.03,17,17,354.296242254442,670.597905199249
Vegetable oil,2021-08-01,933.0,2.27,17,17,359.8608154286513,739.48747268503
Vegetable oil,2021-09-01,933.0,2.27,17,17,365.4253886028605,728.2268096837546
Vegetable oil,2021-10-01,933.0,2.28,17,17,370.98996177706977,717.3039498023294
Vegetable oil,2021-11-01,933.0,2.27,17,17,376.554534951279,706.7039172802386
Vegetable oil,2021-12-01,933.0,2.28,17,17,382.11910812548825,696.4126086893192
Vegetable oil,2022-01-01,933.0,2.25,17,17,387.6836812996975,686.4167303291518
Vegetable oil,2022-02-01,1000.0,2.41,17,17,393.24825447390674,725.2987577038423
Vegetable oil,2022-03-01,1033.0,2.49,17,17,398.812827648116,738.7796769254999
Vegetable oil,2022-04-01,1377.0,3.33,17,17,404.3774008223252,971.2494837644183
Vegetable oil,2022-05-01,1423.0,3.43,17,17,409.9419739965345,990.0707933808984
Vegetable oil,2023-02-01,1316.5,2.865,16,16,481.6410961937818,779.6165761196545
Vegetable oil,2023-03-01,1300.0,2.83,16,16,490.2939498864717,756.2589986205713
Vegetable oil,2023-04-01,1300.0,2.83,16,16,498.9468035791615,743.143775871568
Vegetable oil,2023-05-01,1346.0,2.925,16,16,507.5996572718513,756.3232947682235
Vegetable oil,2023-06-01,1381.5,2.26,29,29,516.2525109645411,763.2599058461936
Vegetable oil,2023-07-01,1442.74,1.86,25,25,524.905364657231,783.9543938935817
Vegetable oil,2023-08-01,1500.0,1.98,25,25,539.4459689640813,793.0983458459776
Vegetable oil,2023-09-01,1491.665,1.94,28,28,553.9865732709317,767.9904114923565
Vegetable oil,2023-10-01,1526.77,1.99,31,31,568.5271775777819,765.96006025195
Vegetable oil,2023-11-01,1600.0,1.9,21,21,583.0677818846323,782.6807909494518
Vegetable oil,2023-12-01,1466.5,1.8599999999999999,8,8,597.6083861914826,699.9211566702478
Vegetable oil,2024-01-01,1762.9,2.04,25,25,612.148990498333,821.3992033668311
Vegetable oil,2024-02-01,1726.115,1.14,20,20,626.6895948051833,785.5991046334269
Vegetable oil,2024-03-01,1916.67,1.19,19,19,641.2301991120337,852.5446137340323
Vegetable oil,2024-04-01,1828.97,1.59,11,11,655.770803418884,795.4964433295042
Vegetable oil,2024-05-01,1929.13,1.27,19,19,670.3114077257343,820.8591082540108
Vegetable oil,2024-06-01,2015.5149999999999,1.35,20,20,684.8520120325846,839.4078682793871
Vegetable oil,2024-07-01,1987.13,1.24,5,5,699.392616339435,810.3804850702554
Vegetable oil,2024-08-01,2032.175,1.275,10,10,712.8035417854693,813.1581002147774
Vegetable oil,2024-09-01,2267.0,1.39,31,31,726.2144672315035,890.369676812541
Vegetable oil,2024-10-01,2500.0,1.53,33,33,739.6253926775378,964.0774683471434
Vegetable oil,2024-11-01,2840.74,1.7,25,25,753.036318123572,1075.967866588729
Vegetable oil,2024-12-01,2988.335,1.94,30,30,766.4472435696063,1112.0664838326968
Vegetable oil,2025-01-01,3150.0,2.03,33,33,779.8581690156404,1152.0694628579795
Vegetable oil,2025-02-01,3163.84,2.1,23,23,793.2690944616747,1137.5689122069175
Vegetable oil,2025-03-01,2958.33,1.91,17,17,806.680019907709,1045.9936655809627
Vegetable oil,2025-04-01,2800.0,1.74,21,21,820.0909453537432,973.8223812300208
Vegetable oil,2025-05-01,2800.0,1.75,31,31,833.5018707997775,958.1537189151733
Vegetable oil,2025-06-01,2773.44,1.8,27,27,846.9127962458117,934.0364343545717
Vegetable oil,2025-07-01,2852.42,1.87,19,19,860.323721691846,945.6606375214997
Vegetable oil,2025-08-01,2780.645,1.815,24,24,860.323721691846,921.8651262510325
Vegetable oil,2025-09-01,2750.0,1.83,33,33,860.323721691846,911.705412661573
Vegetable oil,2025-10-01,2750.0,1.88,36,36,860.323721691846,911.705412661573
Vegetable oil,2025-11-01,2665.62,1.85,37,37,860.323721691846,883.7309753087061
Vegetable oil,2025-12-01,2987.5,2.0599999999999996,32,32,860.323721691846,990.4436073914361
Vegetable oil,2026-01-01,2500.0,1.76,33,33,860.323721691846,828.8231024196118
Vegetable oil,2026-02-01,2640.625,1.95,28,28,860.323721691846,875.444401930715
Vegetable oil,2026-03-01,2500.0,1.82,25,25,860.323721691846,828.8231024196118
Vegetable oil,2026-04-01,2262.5,1.68,11,11,860.323721691846,750.0849076897487
Vegetable oil,2026-05-01,2421.88,1.77,15,15,860.323721691846,802.9240381152039
Vegetable oil,2026-06-01,2500.0,1.84,15,15,860.323721691846,828.8231024196118
Yam,2014-09-01,101.6,0.624,3,3,147.98844555465368,195.81665911825127
Yam,2015-01-01,94.4,0.508,4,4,152.367005890327,176.71149375235643
Yam,2015-02-01,102.0,0.508,5,5,153.46164597424533,189.57630618450185
Yam,2015-03-01,98.8,0.496,5,5,154.55628605816366,182.3282688662761
Yam,2015-04-01,86.8,0.43600000000000005,5,5,155.650926142082,159.05662142682857
Yam,2015-05-01,101.6,0.512,5,5,156.74556622600034,184.87669982851895
Yam,2015-06-01,127.6,0.64,3,3,157.84020630991867,230.57741800319627
Yam,2015-07-01,140.0,0.708,3,3,158.934846393837,251.24223395623113
Yam,2015-08-01,150.0,0.756,3,3,161.0138218151871,265.71240955311544
Yam,2015-09-01,146.0,0.732,5,5,163.09279723653717,255.3299801690065
Yam,2015-10-01,140.0,0.704,5,5,165.17177265788726,241.7552661627336
Yam,2015-11-01,118.0,0.594,4,4,167.25074807923733,201.23229281983308
Yam,2015-12-01,116.8,0.588,3,3,169.32972350058742,196.7403233087704
Yam,2016-01-01,134.4,0.6759999999999999,7,7,171.4086989219375,223.64034187364587
Yam,2016-02-01,107.0,0.538,4,4,173.48767434328758,175.91338665707121
Yam,2016-03-01,132.4,0.6639999999999999,7,7,175.56664976463767,215.0946955857839
Yam,2016-04-01,161.2,0.8119999999999999,5,5,177.64562518598774,258.81786948961246
Yam,2016-05-01,179.6,0.9039999999999999,3,3,179.72460060733783,285.02472960163084
Yam,2016-06-01,117.6,0.592,12,12,181.8035760286879,184.4967148410147
Yam,2016-07-01,125.2,0.44000000000000006,11,11,183.882551450038,194.1992484734558
Yam,2016-08-01,125.2,0.396,9,9,186.41128379681425,191.56486974201735
Yam,2016-09-01,105.80000000000001,0.33399999999999996,10,10,188.9400161435905,159.71490840524913
Yam,2016-10-01,95.6,0.31599999999999995,8,8,191.46874849036675,142.41106388885498
Yam,2016-11-01,110.4,0.364,10,10,193.997480837143,162.3142764565786
Yam,2016-12-01,118.4,0.388,19,19,196.52621318391925,171.83631614775413
Yam,2017-01-01,117.6,0.388,11,11,199.05494553069548,168.50705434228541
Yam,2017-02-01,121.4,0.4,18,18,201.58367787747176,171.76989861429618
Yam,2017-03-01,135.2,0.44400000000000006,19,19,204.112410224248,188.9256903144891
Yam,2017-04-01,147.2,0.484,31,31,206.64114257102423,203.1770978725076
Yam,2017-05-01,161.2,0.528,31,31,209.16987491780048,219.81110928548364
Yam,2017-06-01,176.4,0.548,30,30,211.69860726457676,237.6645006576819
Yam,2017-07-01,193.6,0.636,30,30,214.227339611353,257.7592121397424
Yam,2017-08-01,226.0,0.74,31,31,216.3865916876249,297.89405071963904
Yam,2017-09-01,161.2,0.496,32,32,218.5458437638968,210.38085850975588
Yam,2017-10-01,161.2,0.528,30,30,220.70509584016872,208.32261285024455
Yam,2017-11-01,161.2,0.528,30,30,222.86434791644064,206.30425038654562
Yam,2017-12-01,127.19999999999999,0.406,30,30,225.02359999271255,161.2288588442819
Yam,2018-01-01,147.2,0.484,30,30,227.1828520689845,184.80597134105457
Yam,2018-02-01,132.4,0.43200000000000005,25,25,229.3421041452564,164.65993118395204
Yam,2018-03-01,142.0,0.46399999999999997,31,31,231.5013562215283,174.95185109671465
Yam,2018-04-01,161.6,0.528,31,31,233.66060829780025,197.26025519979424
Yam,2018-05-01,198.4,0.648,33,33,235.81986037407216,239.96341124687106
Yam,2018-06-01,161.2,0.512,19,19,237.97911245034408,193.20125098954293
Yam,2018-07-01,256.0,0.8400000000000001,33,33,240.138364526616,304.06200432136325
Yam,2018-08-01,197.6,0.648,33,33,242.41896304466323,232.48989868993104
Yam,2018-09-01,168.2,0.552,32,32,244.6995615627105,196.0543746849617
Yam,2018-10-01,177.39999999999998,0.582,32,32,246.9801600807577,204.86854587573657
Yam,2018-11-01,166.8,0.544,33,33,249.26075859880495,190.86481296408445
Yam,2018-12-01,161.2,0.528,32,32,251.54135711685225,182.78450415383904
Yam,2019-01-01,164.8,0.536,25,25,253.8219556348995,185.18753829152797
Yam,2019-02-01,165.2,0.54,33,33,256.1025541529468,183.98392109906231
Yam,2019-03-01,177.6,0.58,33,33,258.383152670994,196.04804038632616
Yam,2019-04-01,193.6,0.632,33,33,260.66375118904125,211.8402348816381
Yam,2019-05-01,201.8,0.6599999999999999,26,26,262.9443497070885,218.89762833365256
Yam,2019-06-01,226.0,0.74,25,25,265.22494822513573,243.0400260254784
Yam,2019-07-01,208.39999999999998,0.6799999999999999,26,26,267.505546743183,222.2023564116217
Yam,2019-08-01,186.8,0.612,33,33,270.458367359174,196.99726060711222
Yam,2019-09-01,165.4,0.542,32,32,273.41118797516503,172.54523108585113
Yam,2019-10-01,176.8,0.576,33,33,276.364008591156,182.46707677568313
Yam,2019-11-01,186.8,0.608,30,30,279.316829207147,190.74954283730645
Yam,2019-12-01,177.6,0.58,31,31,282.269649823138,179.4578722215746
Yam,2020-01-01,182.4,0.596,32,32,285.222470439129,182.4
Yam,2020-02-01,176.4,0.576,31,31,288.17529105512,174.59249750818788
Yam,2020-03-01,211.4,0.692,23,23,291.128111671111,207.1116729494973
Yam,2020-04-01,242.8,0.6759999999999999,23,23,294.08093228710203,235.4862495981614
Yam,2020-05-01,230.6,0.6399999999999999,32,32,297.03375290309305,221.43039651362884
Yam,2020-06-01,238.26,0.6599999999999999,33,33,299.986573519084,226.5338245296625
Yam,2020-07-01,252.8,0.6639999999999999,29,29,302.939394135075,238.0153982049026
Yam,2020-08-01,193.6,0.508,33,33,307.2191314783556,179.738384166696
Yam,2020-09-01,193.6,0.508,33,33,311.49886882163617,177.26892712613264
Yam,2020-10-01,177.6,0.46799999999999997,33,33,315.7786061649168,160.41463785401038
Yam,2020-11-01,193.6,0.508,33,33,320.05834350819737,172.52813868794237
Yam,2020-12-01,193.6,0.508,33,33,324.3380808514779,170.2515786368653
Yam,2021-01-01,209.6,0.5519999999999999,33,33,328.6178181947585,181.9214494589903
Yam,2021-02-01,222.4,0.584,33,33,332.8975555380391,190.5495440575981
Yam,2021-03-01,220.4,0.58,34,34,337.17729288131966,186.4391043287446
Yam,2021-04-01,248.474,0.6519999999999999,24,24,341.45703022460026,207.55281586463667
Yam,2021-05-01,258.0,0.628,34,34,345.73676756788086,212.84226693895772
Yam,2021-06-01,259.094,0.63,32,32,350.0165049111614,211.131274437222
Yam,2021-07-01,266.88,0.648,31,31,354.296242254442,214.84894230441245
Yam,2021-08-01,272.20000000000005,0.6619999999999999,32,32,359.8608154286513,215.7432905304021
Yam,2021-09-01,254.0,0.618,32,32,365.4253886028605,198.2525291100468
Yam,2021-10-01,243.6,0.594,32,32,370.98996177706977,187.28321776189435
Yam,2021-11-01,236.0,0.576,32,32,376.554534951279,178.7589758608106
Yam,2021-12-01,248.8,0.608,32,32,382.11910812548825,185.71002898381852
Yam,2022-01-01,231.4,0.5599999999999999,32,32,387.6836812996975,170.24312046963104
Yam,2022-02-01,242.39999999999998,0.584,32,32,393.24825447390674,175.81241886741134
Yam,2022-03-01,253.678,0.61,32,32,398.812827648116,181.4251218616718
Yam,2022-04-01,237.534,0.574,32,32,404.3774008223252,167.5415939553357
Yam,2022-05-01,296.2,0.714,32,32,409.9419739965345,206.08500983796353
Yam,2022-06-01,329.092,0.794,16,16,415.5065471707437,225.90362024592167
Yam,2022-07-01,330.25200000000007,0.796,16,16,421.071120344953,223.70399382958365
Yam,2022-08-01,294.868,0.704,16,16,429.7239740376429,195.71395708557287
Yam,2022-09-01,283.40599999999995,0.6619999999999999,16,16,438.3768277303327,184.39332178158975
Yam,2022-10-01,285.86,0.6559999999999999,16,16,447.02968142302245,182.38989218833188
Yam,2022-11-01,296.894,0.6719999999999999,16,16,455.6825351157123,185.83297276699798
Yam,2022-12-01,297.322,0.6679999999999999,16,16,464.3353888084022,182.632892947332
Yam,2023-01-01,330.0,0.73,16,16,472.988242501092,198.99736777219206
Yam,2023-02-01,258.0,0.5599999999999999,16,16,481.6410961937818,152.784714499712
Yam,2023-03-01,282.2,0.614,16,16,490.2939498864717,164.16637646978864
Yam,2023-04-01,290.4,0.632,16,16,498.9468035791615,166.00688654854105
Yam,2023-05-01,277.2,0.604,16,16,507.5996572718513,155.75989398941422
Yam,2023-06-01,400.0,0.6559999999999999,30,30,516.2525109645411,220.99454385702313
Yam,2023-07-01,556.1279999999999,0.716,25,25,524.905364657231,302.18818994915904
Yam,2023-08-01,625.1600000000001,0.8240000000000001,23,23,539.4459689640813,330.54224125938094
Yam,2023-09-01,600.0,0.78,27,27,553.9865732709317,308.91268944127125
Yam,2023-10-01,601.8199999999999,0.784,31,31,568.5271775777819,301.92503354194054
Yam,2023-11-01,610.768,0.724,21,21,583.0677818846323,298.7727383291342
Yam,2023-12-01,607.648,0.77,8,8,597.6083861914826,290.01410910900967
Yam,2024-01-01,767.742,0.888,24,24,612.148990498333,357.718910426716
Yam,2024-02-01,734.828,0.486,20,20,626.6895948051833,334.43902570777254
Yam,2024-03-01,800.0,0.496,19,19,641.2301991120337,355.8440894818752
Yam,2024-04-01,964.0,0.836,10,10,655.770803418884,419.2843903233197
Yam,2024-05-01,1122.58,0.736,17,17,670.3114077257343,477.66610738715764
Yam,2024-06-01,1168.0,0.784,17,17,684.8520120325846,486.4406318734042
Yam,2024-07-01,1344.516,0.8400000000000001,5,5,699.392616339435,548.313159312536
Yam,2024-08-01,1450.0,0.9100000000000001,10,10,712.8035417854693,580.2055656188209
Yam,2024-09-01,1200.0,0.736,31,31,726.2144672315035,471.3028725959635
Yam,2024-10-01,1343.346,0.8220000000000001,30,30,739.6253926775378,518.0358443177047
Yam,2024-11-01,1200.0,0.72,24,24,753.036318123572,454.5158796322349
Yam,2024-12-01,1200.0,0.78,27,27,766.4472435696063,446.5629792507319
Yam,2025-01-01,1200.0,0.772,29,29,779.8581690156404,438.8836048982779
Yam,2025-02-01,1322.33,0.876,22,22,793.2690944616747,475.4480314044241
Yam,2025-03-01,1400.0,0.9039999999999999,15,15,806.680019907709,495.00601076058035
Yam,2025-04-01,1112.592,0.692,17,17,820.0909453537432,386.9524967062398
Yam,2025-05-01,1300.0,0.8119999999999999,23,23,833.5018707997775,444.8570837820448
Yam,2025-06-01,1196.5520000000001,0.774,20,20,846.9127962458117,402.973622504843
Yam,2025-07-01,1200.0,0.784,13,13,860.323721691846,397.83508916141363
Yam,2025-08-01,1190.0,0.776,18,18,860.323721691846,394.5197967517352
Yam,2025-09-01,1200.0,0.8,29,29,860.323721691846,397.83508916141363
Yam,2025-10-01,1175.806,0.802,32,32,860.323721691846,389.8140707054376
Yam,2025-11-01,1200.0,0.8320000000000001,35,35,860.323721691846,397.83508916141363
Yam,2025-12-01,1000.0,0.688,31,31,860.323721691846,331.5292409678447
Yam,2026-01-01,1165.0,0.82,31,31,860.323721691846,386.23156572753913
Yam,2026-02-01,1114.284,0.8240000000000001,27,27,860.323721691846,369.41772874261386
Yam,2026-03-01,1142.3000000000002,0.8320000000000001,26,26,860.323721691846,378.70585195756905
Yam,2026-04-01,1133.3319999999999,0.844,13,13,860.323721691846,375.73269772456933
Yam,2026-05-01,1257.5,0.9179999999999999,16,16,860.323721691846,416.8980205170647
Yam,2026-06-01,1305.0,0.962,14,14,860.323721691846,432.64565946303736
