item,month,price_ngn_kg,n_markets,cpi,price_real_kg
Maize,2004-03-01,36.0,1,49.81802339079277,206.11032387339455
Maize,2004-04-01,38.0,1,50.38406983259455,215.11668098068708
Maize,2004-05-01,40.0,1,50.95011627439633,223.9229201386221
Maize,2004-06-01,40.0,1,51.51616271619812,221.46251226856003
Maize,2004-07-01,50.0,1,52.0822091579999,273.8194817868228
Maize,2004-08-01,60.0,1,52.85751765615733,323.7637517840231
Maize,2004-09-01,65.0,1,53.63282615431475,345.67375817938114
Maize,2004-10-01,60.0,1,54.40813465247217,314.53657317344096
Maize,2004-11-01,65.0,1,55.1834431506296,335.9605620826845
Maize,2004-12-01,60.0,1,55.95875164878703,305.82076479754153
Maize,2005-01-01,70.0,1,56.73406014694445,351.9151084732356
Maize,2005-02-01,71.0,1,57.50936864510187,352.13037246415564
Maize,2005-03-01,60.0,1,58.2846771432593,293.61659127465754
Maize,2005-04-01,65.0,1,59.05998564141673,313.908992310054
Maize,2005-05-01,65.0,1,59.83529413957415,309.8415549741848
Maize,2005-06-01,60.0,1,60.61060263773157,282.34908549967565
Maize,2005-07-01,60.0,1,61.385911135889,278.7829961253519
Maize,2005-08-01,55.0,1,61.80678505516188,253.8109021550208
Maize,2005-09-01,50.0,1,62.22765897443475,229.1766034106378
Maize,2005-10-01,45.0,1,62.648532893707625,204.87329194982541
Maize,2005-11-01,40.0,1,63.0694068129805,180.8943415528852
Maize,2005-12-01,35.0,1,63.49028073225338,157.23330169964436
Maize,2006-01-01,35.0,1,63.91115465152625,156.1978737483366
Maize,2006-02-01,33.0,1,64.33202857079912,146.3087941356104
Maize,2006-03-01,33.0,1,64.752902490072,145.3578320436581
Maize,2006-04-01,33.0,1,65.17377640934488,144.41915204320853
Maize,2006-05-01,33.0,1,65.59465032861775,143.4925177180924
Maize,2006-06-01,33.0,1,66.01552424789062,142.57769868110992
Maize,2007-10-01,40.0,1,72.04219299741922,158.36412445098475
Maize,2007-11-01,43.0,1,72.7180133933572,168.65925864254862
Maize,2007-12-01,44.2,1,73.39383378929517,171.7696506984796
Maize,2008-01-01,55.0,1,74.06965418523315,211.79032151171526
Maize,2008-02-01,55.0,1,74.74547458117112,209.8753932870715
Maize,2008-03-01,58.0,1,75.4212949771091,219.33995286729524
Maize,2008-04-01,52.0,1,76.09711537304707,194.90316275625761
Maize,2008-05-01,64.0,1,76.77293576898505,237.76918161671568
Maize,2008-06-01,64.0,1,77.44875616492303,235.69439991047528
Maize,2008-07-01,74.0,1,78.124576560861,270.16418829551134
Maize,2008-08-01,65.0,1,78.9408432496173,234.85257840380697
Maize,2008-09-01,68.0,1,79.75710993837362,243.17741709606724
Maize,2008-10-01,65.0,1,80.57337662712993,230.09412481666988
Maize,2008-11-01,45.0,1,81.38964331588623,157.69833417190526
Maize,2008-12-01,44.0,1,82.20591000464253,152.662852325495
Maize,2009-01-01,55.0,1,83.02217669339885,188.9523558516793
Maize,2009-02-01,57.0,1,83.83844338215516,193.91677802179666
Maize,2009-03-01,52.0,1,84.65471007091146,175.2007472521135
Maize,2009-04-01,52.0,1,85.47097675966776,173.52754145467378
Maize,2009-05-01,50.0,1,86.28724344842408,165.27499259471256
Maize,2009-06-01,51.0,1,87.1035101371804,167.00068653360077
Maize,2009-07-01,58.0,1,87.9197768259367,188.15906821762152
Maize,2009-08-01,64.0,1,88.92646209044197,205.2734099501105
Maize,2009-09-01,68.0,1,89.93314735494724,215.66161710445064
Maize,2009-10-01,65.0,1,90.93983261945252,203.8651275742253
Maize,2009-11-01,45.0,1,91.9465178839578,139.5921397040765
Maize,2009-12-01,53.0,1,92.95320314846307,162.62797215422032
Maize,2010-01-01,53.0,1,93.95988841296835,160.88557775668255
Maize,2010-02-01,53.0,1,94.96657367747362,159.18012357288603
Maize,2010-03-01,53.0,1,95.9732589419789,157.5104471800084
Maize,2010-04-01,51.0,1,96.97994420648418,149.99334255569715
Maize,2010-05-01,53.0,1,97.98662947098944,154.27401692339475
Maize,2010-06-01,52.0,1,98.99331473549472,149.8239401566048
Maize,2010-07-01,55.0,1,100.0,156.87235874152094
Maize,2010-08-01,45.0,1,100.90217809900015,127.20251843491164
Maize,2010-09-01,43.5,2,101.80435619800032,121.872756014205
Maize,2010-10-01,43.5,2,102.7065342970005,120.80222109553216
Maize,2010-11-01,48.0,2,103.60871239600068,132.13829478694163
Maize,2010-12-01,48.0,1,104.51089049500084,130.9976263357269
Maize,2011-01-01,45.0,1,105.413068594001,121.75920254437256
Maize,2011-02-01,45.0,1,106.31524669300116,120.72596893673713
Maize,2011-03-01,50.0,1,107.21742479200132,133.0112484012987
Maize,2011-04-01,56.0,1,108.11960289100148,147.72953208765966
Maize,2011-05-01,58.0,1,109.02178099000166,151.73943348977784
Maize,2011-06-01,60.0,1,109.92395908900184,155.683514023468
Maize,2011-07-01,55.0,1,110.826137188002,141.54816067928775
Maize,2011-08-01,55.0,1,111.95510839096956,140.1207689368594
Maize,2011-09-01,55.0,2,113.08407959393716,138.7218778318035
Maize,2011-10-01,56.5,2,114.21305079690477,141.09656880164096
Maize,2011-11-01,55.0,1,115.34202199987232,136.00624995259284
Maize,2011-12-01,65.0,1,116.4709932028399,159.17663332926173
Maize,2012-01-01,55.0,1,117.5999644058075,133.3949032503058
Maize,2012-02-01,63.0,1,118.72893560877507,151.34487263387092
Maize,2012-03-01,62.0,1,119.85790681174268,147.5396462162602
Maize,2012-04-01,68.0,1,120.98687801471024,160.30769872004305
Maize,2012-05-01,66.5,4,122.11584921767783,155.32213390574626
Maize,2012-06-01,68.4375,4,123.24482042064542,158.38323066279546
Maize,2012-07-01,71.25,4,124.373791623613,163.39536451769382
Maize,2012-08-01,72.3,4,125.25430815116223,164.637727173919
Maize,2012-09-01,71.75,4,126.13482467871152,162.24474332235263
Maize,2012-10-01,61.65,4,127.01534120626076,138.43969661914795
Maize,2012-11-01,63.0,4,127.89585773381,140.49724483699924
Maize,2012-12-01,66.25,4,128.77637426135925,146.7349020732776
Maize,2013-01-01,65.3,4,129.6568907889085,143.64857283210745
Maize,2013-02-01,68.5625,4,130.53740731645777,149.80813570224228
Maize,2013-03-01,71.0,4,131.41792384400702,154.09462277927807
Maize,2013-04-01,72.0,4,132.29844037155627,155.22494304500103
Maize,2013-05-01,76.0,4,133.17895689910551,162.76526155551676
Maize,2013-06-01,83.75,4,134.05947342665476,178.18495991889802
Maize,2013-07-01,87.0,4,134.939989954204,183.89177986915314
Maize,2013-08-01,84.75,4,135.8449212402551,177.9426433393454
Maize,2013-09-01,76.25,4,136.74985252630617,159.03646672525622
Maize,2013-10-01,70.5,4,137.65478381235727,146.0769005555874
Maize,2013-11-01,63.25,6,138.55971509840833,130.198891087949
Maize,2013-12-01,62.5,6,139.46464638445943,127.82023878154658
Maize,2014-01-01,64.5,6,140.36957767051052,131.06008900665597
Maize,2014-02-01,61.75,6,141.2745089565616,124.66854551256391
Maize,2014-03-01,64.0,6,142.17944024261269,128.38873241416283
Maize,2014-04-01,58.625,6,143.08437152866375,116.86229006599945
Maize,2014-05-01,60.0,1,143.98930281471485,118.85152502175222
Maize,2014-06-01,60.0,1,144.8942341007659,118.10924245920202
Maize,2014-07-01,59.0,11,145.799165386817,115.41990457395437
Maize,2014-08-01,56.55,11,146.89380547073534,109.80266085179528
Maize,2014-09-01,51.9,11,147.98844555465368,100.02839181335865
Maize,2014-10-01,50.15,10,149.08308563857202,95.94587361305254
Maize,2014-11-01,51.775000000000006,11,150.17772572249035,98.33278094964763
Maize,2014-12-01,51.12,11,151.2723658064087,96.38622765712415
Maize,2015-01-01,48.5,15,152.367005890327,90.78927380285262
Maize,2015-02-01,48.75,14,153.46164597424533,90.60632280876926
Maize,2015-03-01,46.96,14,154.55628605816366,86.66129054615713
Maize,2015-04-01,50.0,15,155.650926142082,91.62247778043123
Maize,2015-05-01,50.0,15,156.74556622600034,90.98262786836563
Maize,2015-06-01,50.7,11,157.84020630991867,91.61657596208505
Maize,2015-07-01,53.260000000000005,11,158.934846393837,95.57972414649194
Maize,2015-08-01,51.05,15,161.0138218151871,90.4307900512436
Maize,2015-09-01,57.2,15,163.09279723653717,100.03338949087104
Maize,2015-10-01,56.0,15,165.17177265788726,96.70210646509344
Maize,2015-11-01,56.0,15,167.25074807923733,95.50007116873435
Maize,2015-12-01,54.48,15,169.32972350058742,91.76723299539222
Maize,2016-01-01,60.6,15,171.4086989219375,100.83783271981353
Maize,2016-02-01,72.25,15,173.48767434328758,118.78263725208781
Maize,2016-03-01,75.0,15,175.56664976463767,121.84367197079902
Maize,2016-04-01,83.25,15,177.64562518598774,133.66369500626698
Maize,2016-05-01,97.2,15,179.72460060733783,154.2561454191454
Maize,2016-06-01,106.0,15,181.8035760286879,166.29805929547243
Maize,2016-07-01,115.55,15,183.882551450038,179.23101566380046
Maize,2016-08-01,144.8,15,186.41128379681425,221.5542582958795
Maize,2016-09-01,127.5,15,188.9400161435905,192.47307014810266
Maize,2016-10-01,113.0,15,191.46874849036675,168.33106924101065
Maize,2016-11-01,119.28,15,193.997480837143,175.36998999765123
Maize,2016-12-01,122.45,15,196.52621318391925,177.71416311057848
Maize,2017-01-01,140.0,15,199.05494553069548,200.60363612176837
Maize,2017-02-01,139.54165,14,201.58367787747176,197.43867440668535
Maize,2017-03-01,139.0,15,204.112410224248,194.23573190616852
Maize,2017-04-01,150.5,15,206.64114257102423,207.73201922426895
Maize,2017-05-01,152.4,16,209.16987491780048,207.8114953790801
Maize,2017-06-01,153.33,16,211.69860726457676,206.58218756146468
Maize,2017-07-01,151.6,16,214.227339611353,201.84037479537676
Maize,2017-08-01,156.4,16,216.3865916876249,206.15322802013955
Maize,2017-09-01,133.15,13,218.5458437638968,173.77302301844912
Maize,2017-10-01,101.25,13,220.70509584016872,130.84779498193092
Maize,2017-11-01,98.94,13,222.86434791644064,126.62371298538974
Maize,2017-12-01,97.125,13,225.02359999271255,123.10812040291573
Maize,2018-01-01,100.0,5,227.1828520689845,125.54753487843381
Maize,2018-02-01,100.2,14,229.3421041452564,124.6142379503927
Maize,2018-03-01,100.44999999999999,14,231.5013562215283,123.75995382158439
Maize,2018-04-01,109.15,14,233.66060829780025,133.23611915258383
Maize,2018-05-01,111.4,15,235.81986037407216,134.7375202263177
Maize,2018-06-01,121.3575,6,237.97911245034408,145.4492606511381
Maize,2018-07-01,108.65,15,240.138364526616,129.04819050592235
Maize,2018-08-01,104.32,15,242.41896304466323,122.73960643387451
Maize,2018-09-01,99.475,15,244.6995615627105,115.94832890479526
Maize,2018-10-01,88.4,15,246.9801600807577,102.087821056455
Maize,2018-11-01,85.35,15,249.26075859880495,97.66373972712594
Maize,2018-12-01,80.125,15,251.54135711685225,90.85365009507663
Maize,2019-01-01,78.4,12,253.8219556348995,88.09892598334825
Maize,2019-02-01,82.65,15,256.1025541529468,92.04764575567495
Maize,2019-03-01,85.0,15,258.383152670994,93.82929860832051
Maize,2019-04-01,86.25,15,260.66375118904125,94.37613769907689
Maize,2019-05-01,79.0,7,262.9443497070885,85.69332328225248
Maize,2019-06-01,72.0,7,265.22494822513573,77.42868085767454
Maize,2019-07-01,78.66665,12,267.505546743183,83.87675144437765
Maize,2019-08-01,78.5,15,270.458367359174,82.78525137932714
Maize,2019-09-01,83.45,15,273.41118797516503,87.05501532112623
Maize,2019-10-01,88.0,15,276.364008591156,90.82071694717257
Maize,2019-11-01,91.0,15,279.316829207147,92.92402782759575
Maize,2019-12-01,85.65,15,282.269649823138,86.54598398523572
Maize,2020-01-01,89.6,15,285.222470439129,89.6
Maize,2020-02-01,86.25,15,288.17529105512,85.36622964898642
Maize,2020-03-01,98.75,15,291.128111671111,96.74681979074198
Maize,2020-04-01,109.8333,15,294.08093228710203,106.52484307244539
Maize,2020-05-01,114.59030000000001,14,297.03375290309305,110.03371884482084
Maize,2020-06-01,139.7826,15,299.986573519084,132.90307639007807
Maize,2020-07-01,165.9677,15,302.939394135075,156.26134574624925
Maize,2020-08-01,183.7419,15,307.2191314783556,170.58611678573675
Maize,2020-09-01,189.14,15,311.49886882163617,173.1851491561814
Maize,2020-10-01,147.74190000000002,15,315.7786061649168,133.44573977682109
Maize,2020-11-01,146.1667,15,320.05834350819737,130.25758620433297
Maize,2020-12-01,150.0,15,324.3380808514779,131.90979749757125
Maize,2021-01-01,173.78060000000002,15,328.6178181947585,150.83214999929876
Maize,2021-02-01,187.5,15,332.8975555380391,160.64765967086169
Maize,2021-03-01,190.0,16,337.17729288131966,160.72336580064191
Maize,2021-04-01,191.7333,16,341.45703022460026,160.1567419932031
Maize,2021-05-01,193.87099999999998,16,345.73676756788086,159.93776408419637
Maize,2021-06-01,234.08669999999998,16,350.0165049111614,190.75325287271667
Maize,2021-07-01,244.5161,14,354.296242254442,196.84511938474196
Maize,2021-08-01,237.0968,15,359.8608154286513,187.9208075173719
Maize,2021-09-01,216.07330000000002,15,365.4253886028605,168.64991416596015
Maize,2021-10-01,187.9032,15,370.98996177706977,144.46270904662066
Maize,2021-11-01,176.05,16,376.554534951279,133.34965127243944
Maize,2021-12-01,199.72,16,382.11910812548825,149.07559079038674
Maize,2022-01-01,220.0,16,387.6836812996975,161.85603501866387
Maize,2022-02-01,220.0,16,393.24825447390674,159.5657266948453
Maize,2022-03-01,224.0323,16,398.812827648116,160.22314638419815
Maize,2022-04-01,218.00185,16,404.3774008223252,153.76483970384032
Maize,2022-05-01,208.85485,16,409.9419739965345,145.31348351437
Maize,2022-06-01,209.0,16,415.5065471707437,143.46704456929257
Maize,2022-07-01,216.77419999999998,16,421.071120344953,146.83712528376188
Maize,2022-08-01,198.75,16,429.7239740376429,131.91715944340388
Maize,2022-09-01,205.0,16,438.3768277303327,133.37978365040226
Maize,2022-10-01,202.9032,16,447.02968142302245,129.4602000023352
Maize,2022-11-01,221.43335,16,455.6825351157123,138.6003681457191
Maize,2022-12-01,220.79035,16,464.3353888084022,135.62259219080312
Maize,2023-01-01,216.05,16,472.988242501092,130.28297365812756
Millet,2002-01-01,148.565,2,37.4513185590804,1131.4441774311103
Millet,2002-02-01,148.54,1,37.82888073735615,1119.962973612135
Millet,2002-03-01,178.68,2,38.2064429156319,1333.89939311027
Millet,2002-04-01,188.63,2,38.58400509390765,1394.3994271198164
Millet,2002-05-01,193.43,2,38.9615672721834,1416.0257484413298
Millet,2002-06-01,205.04000000000002,2,39.33912945045915,1486.6118329457959
Millet,2002-07-01,232.565,2,39.7166916287349,1670.1482705997719
Millet,2002-08-01,213.65,2,40.18110498103853,1516.5780243743038
Millet,2002-09-01,135.525,2,40.64551833334217,951.0218319581331
Millet,2002-10-01,110.735,2,41.1099316856458,768.2841826542137
Millet,2002-11-01,120.0,3,41.57434503794944,823.264838482796
Millet,2002-12-01,125.28,3,42.038758390253065,849.9934932640377
Millet,2003-01-01,121.95,3,42.5031717425567,818.3596386813904
Millet,2003-02-01,122.36,3,42.96758509486033,812.2360473804343
Millet,2003-03-01,116.89,3,43.43199844716396,767.6288396028623
Millet,2003-04-01,120.515,2,43.8964117994676,783.061407889119
Millet,2003-05-01,111.2,3,44.36082515177123,714.9717933406106
Millet,2003-06-01,114.89,3,44.82523850407486,731.0437316640854
Millet,2003-07-01,95.125,2,45.2896518563785,599.0725560567753
Millet,2003-08-01,86.05,3,45.85569829818028,535.2310507124263
Millet,2003-09-01,84.13,3,46.42174473998207,516.907896772283
Millet,2003-10-01,77.12,2,46.98779118178385,468.1291962664791
Millet,2003-11-01,86.79,3,47.55383762358563,520.5564775940261
Millet,2003-12-01,85.03,3,48.11988406538742,504.0009370862951
Millet,2004-05-01,31.0,1,50.95011627439633,173.54026310743214
Millet,2004-06-01,32.0,1,51.51616271619812,177.170009814848
Millet,2004-07-01,40.0,1,52.0822091579999,219.05558542945826
Millet,2004-08-01,45.0,1,52.85751765615733,242.8228138380173
Millet,2004-09-01,48.0,1,53.63282615431475,255.26677527092758
Millet,2004-10-01,50.0,1,54.40813465247217,262.11381097786744
Millet,2004-11-01,55.0,1,55.1834431506296,284.2743217622715
Millet,2004-12-01,55.0,1,55.95875164878703,280.3357010644131
Millet,2005-01-01,140.19,3,56.73406014694445,704.7854150980413
Millet,2005-02-01,155.88,4,57.50936864510187,773.0997529536984
Millet,2005-03-01,163.7,4,58.2846771432593,801.0839331943571
Millet,2005-04-01,178.7,3,59.05998564141673,863.0082603970253
Millet,2005-05-01,184.78,4,59.83529413957415,880.8080388943057
Millet,2005-06-01,224.28500000000003,4,60.61060263773157,1055.444410688246
Millet,2005-07-01,256.73,3,61.385911135889,1192.8659765876932
Millet,2005-08-01,235.83499999999998,4,61.80678505516188,1088.3180747223514
Millet,2005-09-01,143.2,4,62.22765897443475,656.3617921680666
Millet,2005-10-01,120.44,3,62.648532893707625,548.331984054155
Millet,2005-11-01,116.685,4,63.0694068129805,527.6914061024602
Millet,2005-12-01,123.755,4,63.49028073225338,555.9544929096998
Millet,2006-01-01,87.18,2,63.91115465152625,389.0665895251425
Millet,2006-02-01,91.49,2,64.33202857079912,405.6300477414241
Millet,2006-03-01,135.245,4,64.752902490072,595.7248483255921
Millet,2006-04-01,142.46,3,65.17377640934488,623.4531030325905
Millet,2006-05-01,136.135,4,65.59465032861775,591.9501181682577
Millet,2006-06-01,142.43,3,66.01552424789062,615.3739885803178
Millet,2006-07-01,40.0,1,66.4363981671635,171.72663076735034
Millet,2006-11-01,31.0,1,67.62917604797744,130.74085920166152
Millet,2006-12-01,33.5,1,67.92737051818092,140.6642519329291
Millet,2007-01-01,109.68,2,68.2255649883844,458.5260754248019
Millet,2007-02-01,117.36,3,68.52375945858788,488.49784943521536
Millet,2007-03-01,121.29,3,68.82195392879136,502.6685739750473
Millet,2007-04-01,122.32499999999999,2,69.12014839899484,504.7708881506659
Millet,2007-10-01,32.0,1,72.04219299741922,126.6912995607878
Millet,2007-11-01,43.0,1,72.7180133933572,168.65925864254862
Millet,2007-12-01,43.1,1,73.39383378929517,167.49484038697898
Millet,2008-01-01,129.45,3,74.06965418523315,498.4774021762098
Millet,2008-02-01,152.5,5,74.74547458117112,581.9272268414254
Millet,2008-03-01,166.9,5,75.4212949771091,631.1696229922685
Millet,2008-04-01,166.1,5,76.09711537304707,622.5656794964306
Millet,2008-05-01,174.0,5,76.77293576898505,646.4349625204459
Millet,2008-06-01,179.0,5,77.44875616492303,659.2077747496105
Millet,2008-07-01,205.03,5,78.124576560861,748.5373449490364
Millet,2008-08-01,197.49,5,78.9408432496173,713.5543955225822
Millet,2008-09-01,169.59,5,79.75710993837362,606.4773259606184
Millet,2008-10-01,148.0,5,80.57337662712993,523.9066226594945
Millet,2008-11-01,160.0,5,81.38964331588623,560.7051881667744
Millet,2008-12-01,153.0,5,82.20591000464253,530.8503728591077
Millet,2009-01-01,151.005,6,83.02217669339885,518.7772817342333
Millet,2009-02-01,145.45999999999998,6,83.83844338215516,494.86200931667616
Millet,2009-03-01,45.0,1,84.65471007091146,151.61603127586744
Millet,2009-04-01,46.0,1,85.47097675966776,153.50513282528834
Millet,2009-05-01,46.0,1,86.28724344842408,152.05299318713557
Millet,2009-06-01,48.0,1,87.1035101371804,157.1771167375066
Millet,2009-07-01,173.5,6,87.9197768259367,562.8551437199541
Millet,2009-08-01,174.075,6,88.92646209044197,558.3276380791482
Millet,2009-09-01,153.325,6,89.93314735494724,486.26937415499845
Millet,2009-10-01,133.985,6,90.93983261945252,420.2287556620397
Millet,2009-11-01,140.68,6,91.9465178839578,436.3960491904329
Millet,2009-12-01,164.56,6,92.95320314846307,504.9445112773301
Millet,2010-01-01,154.39999999999998,6,93.95988841296835,468.693079351543
Millet,2010-02-01,154.60500000000002,6,94.96657367747362,464.34043405634054
Millet,2010-03-01,156.45499999999998,6,95.9732589419789,464.96786818015494
Millet,2010-04-01,176.155,6,96.97994420648418,518.0799462333104
Millet,2010-05-01,175.82,5,97.98662947098944,511.7822199145521
Millet,2010-06-01,194.805,6,98.99331473549472,561.2779358116808
Millet,2010-07-01,186.445,6,100.0,531.783035010234
Millet,2010-08-01,174.015,6,100.90217809900015,491.8921387878033
Millet,2010-09-01,134.83999999999997,6,101.80435619800032,377.7775269185149
Millet,2010-10-01,134.22,6,102.7065342970005,372.7373359871799
Millet,2010-11-01,147.63,6,103.60871239600068,406.4078429040873
Millet,2010-12-01,154.45,6,104.51089049500084,421.51215390735456
Millet,2011-01-01,155.53,6,105.413068594001,420.82686159391693
Millet,2011-02-01,153.615,6,106.31524669300116,412.11821596037504
Millet,2011-03-01,152.51999999999998,6,107.21742479200132,405.73751212332144
Millet,2011-04-01,166.005,6,108.11960289100148,437.92573168235606
Millet,2011-05-01,164.41000000000003,6,109.02178099000166,430.1289700009375
Millet,2011-06-01,161.52499999999998,6,109.92395908900184,419.1129933773444
Millet,2011-07-01,165.42,6,110.826137188002,425.7253952648687
Millet,2011-08-01,162.31,5,111.95510839096956,413.50912738439365
Millet,2011-09-01,145.3,5,113.08407959393716,366.47797907201914
Millet,2011-10-01,147.38,5,114.21305079690477,368.04977539797954
Millet,2011-11-01,174.83,5,115.34202199987232,432.32677598566914
Millet,2011-12-01,199.36,5,116.4709932028399,488.20697877725576
Millet,2012-01-01,184.78,5,117.5999644058075,448.15836768348186
Millet,2012-02-01,189.25,5,118.72893560877507,454.63519279301704
Millet,2012-03-01,189.44,5,119.85790681174268,450.80500934206987
Millet,2012-04-01,212.0,5,120.98687801471024,499.78282542131075
Millet,2012-05-01,225.0,5,122.11584921767783,525.5260169743295
Millet,2012-07-01,233.81,5,124.373791623613,536.1890551281683
Millet,2012-08-01,241.78,5,125.25430815116223,550.5685985630724
Millet,2012-09-01,246.305,6,126.13482467871152,556.957372878217
Millet,2012-10-01,174.495,6,127.01534120626076,391.84160359380735
Millet,2012-11-01,201.085,6,127.89585773381,448.44267425473
Millet,2012-12-01,188.495,6,128.77637426135925,417.49125081211264
Millet,2013-01-01,197.35000000000002,6,129.6568907889085,434.13546475369685
Millet,2013-02-01,193.015,6,130.53740731645777,421.73516590801523
Millet,2013-03-01,221.37,6,131.41792384400702,480.4496710513915
Millet,2013-04-01,233.165,6,132.29844037155627,502.6808867373287
Millet,2013-05-01,221.26999999999998,6,133.17895689910551,473.88249242617354
Millet,2013-06-01,244.04000000000002,6,134.05947342665476,519.2150163415866
Millet,2013-07-01,257.245,6,134.939989954204,543.7384012924173
Millet,2013-08-01,248.31,6,135.8449212402551,521.3561978477034
Millet,2013-09-01,213.71,6,136.74985252630617,445.7401089030099
Millet,2013-10-01,182.22,6,137.65478381235727,377.56216764878207
Millet,2013-11-01,212.35500000000002,6,138.55971509840833,437.1286247744097
Millet,2013-12-01,211.325,6,139.46464638445943,432.18579136816527
Millet,2014-01-01,205.91,6,140.36957767051052,418.3966345327214
Millet,2014-02-01,204.45499999999998,6,141.2745089565616,412.7790683849595
Millet,2014-03-01,205.67,6,142.17944024261269,412.5892280565761
Millet,2014-04-01,204.19,6,143.08437152866375,407.0296120865915
Millet,2014-05-01,204.805,6,143.98930281471485,405.6897763679994
Millet,2014-06-01,205.59,6,144.8942341007659,404.7013192864557
Millet,2014-07-01,77.5,16,145.799165386817,151.61089160138076
Millet,2014-08-01,74.0,16,146.89380547073534,143.6851795408108
Millet,2014-09-01,69.045,16,147.98844555465368,133.07245303956356
Millet,2014-10-01,69.0,16,149.08308563857202,132.00927775275423
Millet,2014-11-01,59.025,11,150.17772572249035,112.10221913187736
Millet,2014-12-01,54.44,11,151.2723658064087,102.6460530839953
Millet,2015-01-01,56.0,19,152.367005890327,104.82885222597416
Millet,2015-02-01,51.8,19,153.46164597424533,96.27502608193328
Millet,2015-03-01,50.76,19,154.55628605816366,93.67391627178314
Millet,2015-04-01,56.7,19,155.650926142082,103.89988980300902
Millet,2015-05-01,58.75,19,156.74556622600034,106.90458774532962
Millet,2015-06-01,61.925,16,157.84020630991867,111.9005220207518
Millet,2015-07-01,57.48,15,158.934846393837,103.15288291288691
Millet,2015-08-01,52.5,19,161.0138218151871,92.9993433435904
Millet,2015-09-01,56.4,19,163.09279723653717,98.63432110638334
Millet,2015-10-01,54.0,19,165.17177265788726,93.24845980562581
Millet,2015-11-01,52.25,15,167.25074807923733,89.1049771172566
Millet,2015-12-01,54.24,17,169.32972350058742,91.36297205708652
Millet,2016-01-01,58.4,17,171.4086989219375,97.17705331414373
Millet,2016-02-01,67.125,18,173.48767434328758,110.35687924631686
Millet,2016-03-01,72.28,17,175.56664976463767,117.42480813399139
Millet,2016-04-01,81.725,18,177.64562518598774,131.2152008935396
Millet,2016-05-01,95.0,19,179.72460060733783,150.76475118126353
Millet,2016-06-01,102.4,19,181.8035760286879,160.65020067789035
Millet,2016-07-01,109.85,19,183.882551450038,170.38967607675013
Millet,2016-08-01,142.0,19,186.41128379681425,217.27005993104203
Millet,2016-09-01,130.0,19,188.9400161435905,196.24705191571252
Millet,2016-10-01,113.9,19,191.46874849036675,169.67175917301867
Millet,2016-11-01,126.04,19,193.997480837143,185.30879895459393
Millet,2016-12-01,125.5,15,196.52621318391925,182.1406898356684
Millet,2017-01-01,147.2,19,199.05494553069548,210.92039455088786
Millet,2017-02-01,148.5,17,201.58367787747176,210.11392046312176
Millet,2017-03-01,154.0,18,204.112410224248,215.19642239963994
Millet,2017-04-01,158.5,15,206.64114257102423,218.77425280429657
Millet,2017-05-01,166.89999999999998,16,209.16987491780048,227.5835864748587
Millet,2017-06-01,167.65,16,211.69860726457676,225.87558693458263
Millet,2017-07-01,167.825,16,214.227339611353,223.44235422186085
Millet,2017-08-01,173.0,15,216.3865916876249,228.03394148007766
Millet,2017-09-01,131.15,13,218.5458437638968,171.16283866969283
Millet,2017-10-01,117.6,13,220.70509584016872,151.97729076419827
Millet,2017-11-01,121.0,13,222.86434791644064,154.85616809411925
Millet,2017-12-01,119.25,13,225.02359999271255,151.1520551665143
Millet,2018-01-01,128.22,5,227.1828520689845,160.97704922112783
Millet,2018-02-01,121.2,14,229.3421041452564,150.73099440706184
Millet,2018-03-01,126.7,14,231.5013562215283,156.10140516868836
Millet,2018-04-01,133.675,14,233.66060829780025,163.17304835292387
Millet,2018-05-01,138.68,15,235.81986037407216,167.73248927276248
Millet,2018-06-01,145.55835,6,237.97911245034408,174.45443741919192
Millet,2018-07-01,123.75,15,240.138364526616,146.98309779206525
Millet,2018-08-01,123.0,15,242.41896304466323,144.7179025246028
Millet,2018-09-01,106.25,15,244.6995615627105,123.84528721924602
Millet,2018-10-01,99.76,15,246.9801600807577,115.2067989659723
Millet,2018-11-01,99.05,15,249.26075859880495,113.34028611566285
Millet,2018-12-01,95.0,15,251.54135711685225,107.72039636857761
Millet,2019-01-01,94.82,12,253.8219556348995,106.5502571650648
Millet,2019-02-01,94.55,15,256.1025541529468,105.30072481789554
Millet,2019-03-01,95.3,15,258.383152670994,105.1992018514464
Millet,2019-04-01,100.0,15,260.66375118904125,109.42160892646596
Millet,2019-05-01,99.28,7,262.9443497070885,107.69155867673452
Millet,2019-06-01,86.6667,7,265.22494822513573,93.20122576788643
Millet,2019-07-01,85.06335,12,267.505546743183,90.6971056346762
Millet,2019-08-01,84.925,15,270.458367359174,89.56098692215741
Millet,2019-09-01,86.4,15,273.41118797516503,90.13245444871548
Millet,2019-10-01,87.68,15,276.364008591156,90.49045979463742
Millet,2019-11-01,90.65,15,279.316829207147,92.56662772056654
Millet,2019-12-01,90.675,15,282.269649823138,91.62355047123467
Millet,2020-01-01,94.2,15,285.222470439129,94.2
Millet,2020-02-01,96.7,15,288.17529105512,95.70915254558824
Millet,2020-03-01,106.625,15,291.128111671111,104.46207250823154
Millet,2020-04-01,121.6,15,294.08093228710203,117.93710029298364
Millet,2020-05-01,129.8,14,297.03375290309305,124.63861867939734
Millet,2020-06-01,144.5652,15,299.986573519084,137.4502965243665
Millet,2020-07-01,173.0,15,302.939394135075,162.88237298041196
Millet,2020-08-01,188.3871,15,307.2191314783556,174.8987239248439
Millet,2020-09-01,192.6667,15,311.49886882163617,176.41435538188253
Millet,2020-10-01,163.87099999999998,15,315.7786061649168,148.01411666539715
Millet,2020-11-01,150.1667,15,320.05834350819737,133.8222171689599
Millet,2020-12-01,154.3419,15,324.3380808514779,135.72805849593595
Millet,2021-01-01,175.80650000000003,15,328.6178181947585,152.5905214900381
Millet,2021-02-01,192.5,15,332.8975555380391,164.93159726208467
Millet,2021-03-01,196.91455000000002,16,337.17729288131966,166.57246974273048
Millet,2021-04-01,206.14,15,341.45703022460026,172.19080250785274
Millet,2021-05-01,207.13549999999998,15,345.73676756788086,170.88057900594757
Millet,2021-06-01,226.8333,15,350.0165049111614,184.84258112422793
Millet,2021-07-01,246.2903,15,354.296242254442,198.27342046926123
Millet,2021-08-01,240.80650000000003,15,359.8608154286513,190.8610826271465
Millet,2021-09-01,220.0,15,365.4253886028605,171.7147889929539
Millet,2021-10-01,201.80650000000003,15,370.98996177706977,155.1517680019119
Millet,2021-11-01,205.0,15,376.554534951279,155.27792394689058
Millet,2021-12-01,210.8,15,382.11910812548825,157.34595703291373
Millet,2022-01-01,230.0,15,387.6836812996975,169.21312751951228
Millet,2022-02-01,230.0,15,393.24825447390674,166.81871427188372
Millet,2022-03-01,236.2903,15,398.812827648116,168.98980783604011
Millet,2022-04-01,237.6667,15,404.3774008223252,167.6351922171335
Millet,2022-05-01,225.4839,15,409.9419739965345,156.8833617481512
Millet,2022-06-01,226.38,15,415.5065471707437,155.39746195979166
Millet,2022-07-01,246.5161,15,421.071120344953,166.9835038494635
Millet,2022-08-01,238.75,15,429.7239740376429,158.4665248659757
Millet,2022-09-01,220.6667,15,438.3768277303327,143.57305709682058
Millet,2022-10-01,217.9032,15,447.02968142302245,139.0307883421693
Millet,2022-11-01,239.01330000000002,15,455.6825351157123,149.60407441662787
Millet,2022-12-01,238.3871,15,464.3353888084022,146.4315648163437
Millet,2023-01-01,244.8,15,472.988242501092,147.61986554737157
Rice (imported),2002-01-01,348.145,2,37.4513185590804,2651.4093706576505
Rice (imported),2002-02-01,381.97,1,37.82888073735615,2879.980187361164
Rice (imported),2002-03-01,353.235,2,38.2064429156319,2637.0044332063258
Rice (imported),2002-04-01,344.42999999999995,2,38.58400509390765,2546.111406896455
Rice (imported),2002-05-01,351.55999999999995,2,38.9615672721834,2573.6339353876533
Rice (imported),2002-06-01,325.40999999999997,2,39.33912945045915,2359.336502920851
Rice (imported),2002-07-01,319.775,2,39.7166916287349,2296.440406901477
Rice (imported),2002-08-01,299.495,2,40.18110498103853,2125.942126889689
Rice (imported),2002-09-01,277.35,2,40.64551833334217,1946.2527584843258
Rice (imported),2002-10-01,248.925,2,41.1099316856458,1727.052333654221
Rice (imported),2002-11-01,320.0,3,41.57434503794944,2195.3729026207893
Rice (imported),2002-12-01,277.64,3,42.038758390253065,1883.7180193951745
Rice (imported),2003-01-01,232.63,3,42.5031717425567,1561.090633427239
Rice (imported),2003-02-01,301.01,3,42.96758509486033,1998.129884128674
Rice (imported),2003-03-01,220.52,3,43.43199844716396,1448.177874148543
Rice (imported),2003-04-01,293.93,2,43.8964117994676,1909.8472357868209
Rice (imported),2003-05-01,296.0,3,44.36082515177123,1903.162327597309
Rice (imported),2003-06-01,283.16,3,44.82523850407486,1801.7437815127726
Rice (imported),2003-07-01,284.75,2,45.2896518563785,1793.2815804169961
Rice (imported),2003-08-01,284.64,3,45.85569829818028,1770.460967748809
Rice (imported),2003-09-01,216.19,3,46.42174473998207,1328.3052205301303
Rice (imported),2003-10-01,200.22,2,46.98779118178385,1215.3634294148658
Rice (imported),2003-11-01,289.0,3,47.55383762358563,1733.388893013867
Rice (imported),2003-12-01,341.64,3,48.11988406538742,2025.0132911462056
Rice (imported),2005-01-01,325.07,2,56.73406014694445,1634.2434901627814
Rice (imported),2005-02-01,331.5,3,57.50936864510187,1644.1016686178534
Rice (imported),2005-03-01,359.08,3,58.2846771432593,1757.1974265817337
Rice (imported),2005-04-01,418.11,2,59.05998564141673,2019.2075196116414
Rice (imported),2005-05-01,402.78,3,59.83529413957415,1919.9689463461868
Rice (imported),2005-06-01,430.78,3,60.61060263773157,2027.172317525838
Rice (imported),2005-07-01,428.11,2,61.385911135889,1989.1631411870733
Rice (imported),2005-08-01,421.0,3,61.80678505516188,1942.8070874047958
Rice (imported),2005-09-01,320.68,3,62.22765897443475,1469.8470636344666
Rice (imported),2005-10-01,253.255,2,62.648532893707625,1153.004123394512
Rice (imported),2005-11-01,327.07,3,63.0694068129805,1479.1278072925538
Rice (imported),2005-12-01,335.49,3,63.49028073225338,1507.1485824918198
Rice (imported),2006-01-01,406.24,1,63.91115465152625,1812.9664066149792
Rice (imported),2006-02-01,404.18,1,64.33202857079912,1791.9723761736673
Rice (imported),2006-03-01,370.85,3,64.752902490072,1633.5136973754732
Rice (imported),2006-04-01,368.22,2,65.17377640934488,1611.4551565257652
Rice (imported),2006-05-01,384.54,3,65.59465032861775,1672.0791746459165
Rice (imported),2006-06-01,369.31,3,66.01552424789062,1595.617269694567
Rice (imported),2007-01-01,321.41999999999996,2,68.2255649883844,1343.7222024347172
Rice (imported),2007-02-01,339.42,3,68.52375945858788,1412.7977168992911
Rice (imported),2007-03-01,352.86,3,68.82195392879136,1462.3763955217676
Rice (imported),2007-04-01,328.945,2,69.12014839899484,1357.3828718799982
Rice (imported),2008-01-01,336.605,2,74.06965418523315,1296.1760213172895
Rice (imported),2008-02-01,376.735,4,74.74547458117112,1437.5892052728161
Rice (imported),2008-03-01,408.405,4,75.4212949771091,1544.4747146684088
Rice (imported),2008-04-01,387.555,4,76.09711537304707,1452.6095238846428
Rice (imported),2008-05-01,408.61,4,76.77293576898505,1518.0447703188468
Rice (imported),2008-06-01,445.46000000000004,4,77.44875616492303,1640.50667787688
Rice (imported),2008-07-01,512.15,4,78.124576560861,1869.7917437235965
Rice (imported),2008-08-01,504.17499999999995,4,78.9408432496173,1821.6430571806056
Rice (imported),2008-09-01,511.18499999999995,4,79.75710993837362,1828.0683523272517
Rice (imported),2008-10-01,465.815,4,80.57337662712993,1648.9429961765702
Rice (imported),2008-11-01,456.0,4,81.38964331588623,1598.0097862753069
Rice (imported),2008-12-01,397.0,4,82.20591000464253,1377.43528120958
Rice (imported),2009-01-01,491.65,4,83.02217669339885,1689.0622864450568
Rice (imported),2009-02-01,496.25,5,83.83844338215516,1688.2666858476598
Rice (imported),2009-07-01,429.0,5,87.9197768259367,1391.7282804372348
Rice (imported),2009-08-01,458.44,5,88.92646209044197,1470.3990946488852
Rice (imported),2009-09-01,450.66,5,89.93314735494724,1429.265652416055
Rice (imported),2009-10-01,444.43,5,90.93983261945252,1393.90428688943
Rice (imported),2009-11-01,432.1,5,91.9465178839578,1340.3947459140325
Rice (imported),2009-12-01,442.92,5,92.95320314846307,1359.0788948405143
Rice (imported),2010-01-01,413.33,5,93.95988841296835,1254.6950161164077
Rice (imported),2010-02-01,460.11,5,94.96657367747362,1381.8937105117093
Rice (imported),2010-03-01,469.66,5,95.9732589419789,1395.7803136332593
Rice (imported),2010-04-01,476.41,5,96.97994420648418,1401.1436926854838
Rice (imported),2010-05-01,518.13,4,97.98662947098944,1508.188611104123
Rice (imported),2010-06-01,539.92,5,98.99331473549472,1555.6334955645013
Rice (imported),2010-07-01,466.6,5,100.0,1330.848047068976
Rice (imported),2010-08-01,491.86,5,100.90217809900015,1390.351793719903
Rice (imported),2010-09-01,424.98,5,101.80435619800032,1190.654801170502
Rice (imported),2010-10-01,421.07,5,102.7065342970005,1169.337729579212
Rice (imported),2010-11-01,409.81,5,103.60871239600068,1128.158220554928
Rice (imported),2010-12-01,438.71,5,104.51089049500084,1197.2910135363904
Rice (imported),2011-01-01,422.28,5,105.413068594001,1142.5883566763919
Rice (imported),2011-02-01,408.06,5,106.31524669300116,1094.7430863183324
Rice (imported),2011-03-01,401.66,5,107.21742479200132,1068.5059606573127
Rice (imported),2011-04-01,407.96,5,108.11960289100148,1076.2096412586006
Rice (imported),2011-05-01,407.41,5,109.02178099000166,1065.8648723805238
Rice (imported),2011-06-01,401.99,5,109.92395908900184,1043.0535967048982
Rice (imported),2011-07-01,412.12,5,110.826137188002,1060.6332359845103
Rice (imported),2011-08-01,433.29,5,111.95510839096956,1103.8714176845785
Rice (imported),2011-09-01,434.5,5,113.08407959393716,1095.9028348712477
Rice (imported),2011-10-01,430.77,5,114.21305079690477,1075.7552025253606
Rice (imported),2011-11-01,432.5,5,115.34202199987232,1069.5036928090253
Rice (imported),2011-12-01,450.24,5,116.4709932028399,1102.579806002566
Rice (imported),2012-01-01,460.15,5,117.5999644058075,1116.0302678296036
Rice (imported),2012-02-01,460.22,5,118.72893560877507,1105.5863060882552
Rice (imported),2012-03-01,455.91,5,119.85790681174268,1084.9161307492773
Rice (imported),2012-04-01,455.91,5,120.98687801471024,1074.7923959331595
Rice (imported),2012-05-01,451.69,7,122.11584921767783,1054.9993182539329
Rice (imported),2012-06-01,178.0,2,123.24482042064542,411.94104194305163
Rice (imported),2012-07-01,471.5,7,124.373791623613,1081.2759911591947
Rice (imported),2012-08-01,489.47,7,125.25430815116223,1114.5951358204445
Rice (imported),2012-09-01,338.26,8,126.13482467871152,764.8906881702998
Rice (imported),2012-10-01,392.76,8,127.01534120626076,881.9720234247615
Rice (imported),2012-11-01,393.66499999999996,8,127.89585773381,877.9182204564651
Rice (imported),2012-12-01,391.11,8,128.77637426135925,866.2564158472392
Rice (imported),2013-01-01,466.12,7,129.6568907889085,1025.3824313706266
Rice (imported),2013-02-01,395.35,8,130.53740731645777,863.8344058323645
Rice (imported),2013-03-01,392.885,8,131.41792384400702,852.6967024033335
Rice (imported),2013-04-01,390.265,8,132.29844037155627,841.373088853574
Rice (imported),2013-05-01,386.83000000000004,8,133.17895689910551,828.4537648357967
Rice (imported),2013-06-01,390.615,8,134.05947342665476,831.0652909697952
Rice (imported),2013-07-01,393.21500000000003,8,134.939989954204,831.1380025430927
Rice (imported),2013-08-01,386.515,8,135.8449212402551,811.5339326289921
Rice (imported),2013-09-01,329.59000000000003,8,136.74985252630617,687.4338238423239
Rice (imported),2013-10-01,368.04,8,137.65478381235727,762.5835812833814
Rice (imported),2013-11-01,266.06,10,138.55971509840833,547.6793195709046
Rice (imported),2013-12-01,245.04,10,139.46464638445943,501.1371409764828
Rice (imported),2014-01-01,241.005,10,140.36957767051052,489.70754652789344
Rice (imported),2014-02-01,244.125,10,141.2745089565616,492.86977608509574
Rice (imported),2014-03-01,245.645,10,142.17944024261269,492.7820339668286
Rice (imported),2014-04-01,246.43,10,143.08437152866375,491.23026253243916
Rice (imported),2014-05-01,442.01,5,143.98930281471485,875.559376247745
Rice (imported),2014-06-01,423.0,5,144.8942341007659,832.6701593373742
Rice (imported),2014-07-01,230.0,13,145.799165386817,449.94200088151706
Rice (imported),2014-08-01,214.5,13,146.89380547073534,416.4928515068097
Rice (imported),2014-09-01,204.5,14,147.98844555465368,394.13884635514154
Rice (imported),2014-10-01,199.75,14,149.08308563857202,382.1572932045313
Rice (imported),2014-11-01,178.625,8,150.17772572249035,339.25046831735017
Rice (imported),2014-12-01,167.28,9,151.2723658064087,315.4046980141575
Rice (imported),2015-01-01,179.1,15,152.367005890327,335.2651327441423
Rice (imported),2015-02-01,175.0,15,153.46164597424533,325.25346649301787
Rice (imported),2015-03-01,171.84,14,154.55628605816366,317.118317024098
Rice (imported),2015-04-01,173.75,14,155.650926142082,318.3881102869985
Rice (imported),2015-05-01,173.4,14,156.74556622600034,315.527753447492
Rice (imported),2015-06-01,211.5,13,157.84020630991867,382.18749143946724
Rice (imported),2015-07-01,174.08,13,158.934846393837,312.40177205071944
Rice (imported),2015-08-01,182.5,16,161.0138218151871,323.28343162295715
Rice (imported),2015-09-01,196.0,15,163.09279723653717,342.77175419948816
Rice (imported),2015-10-01,200.0,17,165.17177265788726,345.3646659467623
Rice (imported),2015-11-01,196.0,12,167.25074807923733,334.2502490905702
Rice (imported),2015-12-01,198.0,16,169.32972350058742,333.51527410219643
Rice (imported),2016-01-01,197.75,18,171.4086989219375,329.05414885054665
Rice (imported),2016-02-01,220.75,18,173.48767434328758,362.9241131266212
Rice (imported),2016-03-01,224.92000000000002,14,175.56664976463767,365.40104932896156
Rice (imported),2016-04-01,239.68,15,177.64562518598774,384.8229960252502
Rice (imported),2016-05-01,272.0,17,179.72460060733783,431.6632875926703
Rice (imported),2016-06-01,292.0,17,181.8035760286879,458.1040878705467
Rice (imported),2016-07-01,284.0,17,183.882551450038,440.51586714426077
Rice (imported),2016-08-01,312.08,17,186.41128379681425,477.5045091780253
Rice (imported),2016-09-01,330.0,17,188.9400161435905,498.165593324501
Rice (imported),2016-10-01,346.4,17,191.46874849036675,516.016658275098
Rice (imported),2016-11-01,343.76,18,193.997480837143,505.4090187926944
Rice (imported),2016-12-01,343.95,14,196.52621318391925,499.18159576875024
Rice (imported),2017-01-01,342.75,18,199.05494553069548,491.12068771954364
Rice (imported),2017-02-01,336.0,16,201.58367787747176,475.40927458322494
Rice (imported),2017-03-01,342.0,16,204.112410224248,477.90374325114846
Rice (imported),2017-04-01,307.7,14,206.64114257102423,424.7119090718111
Rice (imported),2017-05-01,328.0,15,209.16987491780048,447.258336511406
Rice (imported),2017-06-01,350.0,14,211.69860726457676,471.5565489239721
Rice (imported),2017-07-01,339.0,15,214.227339611353,451.3449014223795
Rice (imported),2017-08-01,335.6,15,216.3865916876249,442.3594841659773
Rice (imported),2017-09-01,322.3,13,218.5458437638968,420.631207802074
Rice (imported),2017-10-01,305.9,12,220.70509584016872,395.3218813330633
Rice (imported),2017-11-01,297.84000000000003,12,222.86434791644064,381.17653805911146
Rice (imported),2017-12-01,296.6,12,225.02359999271255,375.9471661416196
Rice (imported),2018-01-01,285.84000000000003,4,227.1828520689845,358.8650736965152
Rice (imported),2018-02-01,298.5,13,229.3421041452564,371.23103820551114
Rice (imported),2018-03-01,302.8,13,231.5013562215283,373.0663416344028
Rice (imported),2018-04-01,305.0,13,233.66060829780025,372.3043182916909
Rice (imported),2018-05-01,308.24,14,235.81986037407216,372.81412239282025
Rice (imported),2018-06-01,293.5,5,237.97911245034408,351.76530499646935
Rice (imported),2018-07-01,296.75,14,240.138364526616,352.46249914986157
Rice (imported),2018-08-01,291.44,14,242.41896304466323,342.89906920138407
Rice (imported),2018-09-01,301.75,14,244.6995615627105,351.7206157026587
Rice (imported),2018-10-01,309.616,14,246.9801600807577,357.55681905221
Rice (imported),2018-11-01,304.58000000000004,14,249.26075859880495,348.5228101474872
Rice (imported),2018-12-01,305.5,14,251.54135711685225,346.40611674316267
Rice (imported),2019-01-01,302.56,11,253.8219556348995,339.9899368051255
Rice (imported),2019-02-01,296.65,14,256.1025541529468,330.3803280510704
Rice (imported),2019-03-01,293.48249999999996,14,258.383152670994,323.96773092725203
Rice (imported),2019-04-01,290.025,14,260.66375118904125,317.3500212889829
Rice (imported),2019-05-01,294.0,7,262.9443497070885,318.9093296833194
Rice (imported),2019-06-01,296.6666,7,265.22494822513573,319.0347707296026
Rice (imported),2019-07-01,306.1333,10,267.505546743183,326.40854431893433
Rice (imported),2019-08-01,305.2,13,270.458367359174,321.8606206493075
Rice (imported),2019-09-01,337.5,13,273.41118797516503,352.07990019029484
Rice (imported),2019-10-01,345.0,13,276.364008591156,356.0584925769834
Rice (imported),2019-11-01,360.0,13,279.316829207147,367.61153865862053
Rice (imported),2019-12-01,381.0,13,282.269649823138,384.98563804290495
Rice (imported),2020-01-01,375.0,13,285.222470439129,375.0
Rice (imported),2020-02-01,370.0,13,288.17529105512,366.2087532768113
Rice (imported),2020-03-01,375.5,13,291.128111671111,367.88284386251763
Rice (imported),2020-04-01,387.3334,13,294.08093228710203,375.66593785051276
Rice (imported),2020-05-01,437.7,13,297.03375290309305,420.29524958376123
Rice (imported),2020-06-01,439.2,13,299.986573519084,417.58438568550224
Rice (imported),2020-07-01,452.07739999999995,13,302.939394135075,425.6383796694502
Rice (imported),2020-08-01,462.6452,13,307.2191314783556,429.52014819461726
Rice (imported),2020-09-01,503.86660000000006,13,311.49886882163617,461.3630764291954
Rice (imported),2020-10-01,524.6451999999999,13,315.7786061649168,473.87820810723446
Rice (imported),2020-11-01,510.86660000000006,13,320.05834350819737,455.2627252884173
Rice (imported),2020-12-01,512.258,13,324.3380808514779,450.4789936434058
Rice (imported),2021-01-01,512.258,13,328.6178181947585,444.61220351604715
Rice (imported),2021-02-01,522.0,13,332.8975555380391,447.243084523679
Rice (imported),2021-03-01,517.0,13,337.17729288131966,437.33673746806244
Rice (imported),2021-04-01,526.0,15,341.45703022460026,439.37305772354006
Rice (imported),2021-05-01,530.3226,14,345.73676756788086,437.5002495851244
Rice (imported),2021-06-01,530.0,13,350.0165049111614,431.8879458873138
Rice (imported),2021-07-01,532.7419,14,354.296242254442,428.8782738917981
Rice (imported),2021-08-01,535.0,14,359.8608154286513,424.0362249587256
Rice (imported),2021-09-01,550.0,14,365.4253886028605,429.28697248238484
Rice (imported),2021-10-01,542.9032,14,370.98996177706977,417.3918646520085
Rice (imported),2021-11-01,547.55,14,376.554534951279,414.7435475957069
Rice (imported),2021-12-01,544.0,14,382.11910812548825,406.0540826655838
Rice (imported),2022-01-01,570.0,14,387.6836812996975,419.35427254835645
Rice (imported),2022-02-01,570.0,14,393.24825447390674,413.42029189119006
Rice (imported),2022-03-01,569.7935,14,398.812827648116,407.50421862947707
Rice (imported),2022-04-01,585.7334,14,404.3774008223252,413.1396240911964
Rice (imported),2022-05-01,571.8113,14,409.9419739965345,397.84516335570123
Rice (imported),2022-06-01,588.7333000000001,14,415.5065471707437,404.13314158146756
Rice (imported),2022-07-01,599.2129,14,421.071120344953,405.8910131784422
Rice (imported),2022-08-01,629.3333,14,429.7239740376429,417.7099938573259
Rice (imported),2022-09-01,633.1067,14,438.3768277303327,411.92016913961044
Rice (imported),2022-10-01,637.4194,13,447.02968142302245,406.6985784816036
Rice (imported),2022-11-01,640.3333,10,455.6825351157123,400.79974907105543
Rice (imported),2022-12-01,664.0,9,464.3353888084022,407.86837474868486
Rice (imported),2023-01-01,672.8,9,472.988242501092,405.71342132463883
Sorghum,2002-01-01,148.555,2,37.4513185590804,1131.3680192392462
Sorghum,2002-02-01,159.15,1,37.82888073735615,1199.9603288701448
Sorghum,2002-03-01,173.12,2,38.2064429156319,1292.392337895959
Sorghum,2002-04-01,185.185,2,38.58400509390765,1368.9331384784136
Sorghum,2002-05-01,190.69,2,38.9615672721834,1395.9672748295359
Sorghum,2002-06-01,202.395,2,39.33912945045915,1467.4346563064005
Sorghum,2002-07-01,230.0,2,39.7166916287349,1651.7279136497218
Sorghum,2002-08-01,211.96,2,40.18110498103853,1504.5816898964542
Sorghum,2002-09-01,146.99,2,40.64551833334217,1031.475366755403
Sorghum,2002-10-01,116.555,2,41.1099316856458,808.6635924437793
Sorghum,2002-11-01,100.0,3,41.57434503794944,686.0540320689967
Sorghum,2002-12-01,98.9,3,42.038758390253065,671.0117854710516
Sorghum,2003-01-01,113.95,3,42.5031717425567,764.6747095345996
Sorghum,2003-02-01,110.56,3,42.96758509486033,733.9066475840211
Sorghum,2003-03-01,102.41,3,43.43199844716396,672.5371671120637
Sorghum,2003-04-01,105.025,2,43.8964117994676,682.4131797996491
Sorghum,2003-05-01,109.22,3,44.36082515177123,702.2411804735746
Sorghum,2003-06-01,85.81,3,44.82523850407486,546.0080304125264
Sorghum,2003-07-01,80.75,2,45.2896518563785,508.542537730193
Sorghum,2003-08-01,82.29,3,45.85569829818028,511.8438484965202
Sorghum,2003-09-01,74.64,3,46.42174473998207,458.59985041106864
Sorghum,2003-10-01,70.67,2,46.98779118178385,428.97679331110066
Sorghum,2003-11-01,73.92,3,47.55383762358563,443.36369194320093
Sorghum,2003-12-01,74.87,3,48.11988406538742,443.77925625839015
Sorghum,2004-06-01,31.0,1,51.51616271619812,171.633447008134
Sorghum,2004-08-01,45.0,1,52.85751765615733,242.8228138380173
Sorghum,2004-09-01,53.0,1,53.63282615431475,281.85706436164924
Sorghum,2004-10-01,60.0,1,54.40813465247217,314.53657317344096
Sorghum,2004-11-01,61.0,1,55.1834431506296,315.28606595451924
Sorghum,2004-12-01,65.0,1,55.95875164878703,331.30582853067
Sorghum,2005-01-01,138.69,3,56.73406014694445,697.2443770593293
Sorghum,2005-02-01,148.57,4,57.50936864510187,736.8452033380225
Sorghum,2005-03-01,156.97,4,58.2846771432593,768.1499388730498
Sorghum,2005-04-01,172.84,3,59.05998564141673,834.7081573979958
Sorghum,2005-05-01,173.445,4,59.83529413957415,826.7764384999614
Sorghum,2005-06-01,218.215,4,60.61060263773157,1026.8800948718622
Sorghum,2005-07-01,255.79,3,61.385911135889,1188.4983763150626
Sorghum,2005-08-01,220.11,4,61.80678505516188,1015.7512304243933
Sorghum,2005-09-01,135.65,4,62.22765897443475,621.7561250530604
Sorghum,2005-10-01,114.57,3,62.648532893707625,521.6074013042555
Sorghum,2005-11-01,112.745,4,63.0694068129805,509.873313459501
Sorghum,2005-12-01,116.68,4,63.49028073225338,524.1709040661287
Sorghum,2006-01-01,93.18,2,63.91115465152625,415.8433678820002
Sorghum,2006-02-01,93.805,2,64.33202857079912,415.8938313300283
Sorghum,2006-03-01,118.25999999999999,4,64.752902490072,520.9096126510002
Sorghum,2006-04-01,132.565,2,65.17377640934488,580.1492391093316
Sorghum,2006-05-01,130.0,3,65.59465032861775,565.2735546470306
Sorghum,2006-06-01,127.23,3,66.01552424789062,549.7018364605339
Sorghum,2007-01-01,89.55,3,68.2255649883844,374.3709888246809
Sorghum,2007-02-01,102.45,3,68.52375945858788,426.436645148584
Sorghum,2007-03-01,93.99,3,68.82195392879136,389.52773738902374
Sorghum,2007-04-01,109.805,2,69.12014839899484,453.1074381637757
Sorghum,2007-10-01,40.0,1,72.04219299741922,158.36412445098475
Sorghum,2007-11-01,43.0,1,72.7180133933572,168.65925864254862
Sorghum,2007-12-01,44.0,1,73.39383378929517,170.99241246002495
Sorghum,2008-01-01,124.89,3,74.06965418523315,480.91805915632943
Sorghum,2008-02-01,141.86,5,74.74547458117112,541.3258780309811
Sorghum,2008-03-01,159.26,5,75.4212949771091,602.2772567869903
Sorghum,2008-04-01,147.7,5,76.09711537304707,553.5999449826778
Sorghum,2008-05-01,166.5,5,76.77293576898505,618.5713865497369
Sorghum,2008-06-01,174.46,5,77.44875616492303,642.4882032559611
Sorghum,2008-07-01,193.83,5,78.124576560861,707.6476299637699
Sorghum,2008-08-01,171.67,5,78.9408432496173,620.2637251474083
Sorghum,2008-09-01,147.1,5,79.75710993837362,526.0499713945807
Sorghum,2008-10-01,144.22,4,80.57337662712993,510.52576432400195
Sorghum,2008-11-01,155.0,5,81.38964331588623,543.1831510365627
Sorghum,2008-12-01,145.0,5,82.20591000464253,503.09349061810855
Sorghum,2009-01-01,143.82,6,83.02217669339885,494.0932330652457
Sorghum,2009-02-01,132.25,6,83.83844338215516,449.9209454979405
Sorghum,2009-03-01,44.0,1,84.65471007091146,148.24678613640373
Sorghum,2009-04-01,48.0,1,85.47097675966776,160.17926903508348
Sorghum,2009-05-01,50.0,1,86.28724344842408,165.27499259471256
Sorghum,2009-06-01,50.0,1,87.1035101371804,163.72616326823604
Sorghum,2009-07-01,175.0,6,87.9197768259367,567.7213265186856
Sorghum,2009-08-01,163.445,6,88.92646209044197,524.233007645247
Sorghum,2009-09-01,138.89,6,89.93314735494724,440.48885293584044
Sorghum,2009-10-01,130.87,6,90.93983261945252,410.4589114713672
Sorghum,2009-11-01,136.01,6,91.9465178839578,421.9094871366987
Sorghum,2009-12-01,146.68,6,92.95320314846307,450.0805840675667
Sorghum,2010-01-01,135.08499999999998,6,93.95988841296835,410.0609107785181
Sorghum,2010-02-01,136.965,6,94.96657367747362,411.3604834935912
Sorghum,2010-03-01,139.29000000000002,6,95.9732589419789,413.95528656044104
Sorghum,2010-04-01,157.095,6,96.97994420648418,462.0236107605342
Sorghum,2010-05-01,151.93,5,97.98662947098944,442.242479078705
Sorghum,2010-06-01,179.67000000000002,6,98.99331473549472,517.6705255372536
Sorghum,2010-07-01,174.27,6,100.0,497.0571992342701
Sorghum,2010-08-01,165.85500000000002,6,100.90217809900015,468.82608211160607
Sorghum,2010-09-01,134.21,6,101.80435619800032,376.0124732107231
Sorghum,2010-10-01,135.89,6,102.7065342970005,377.3750304522267
Sorghum,2010-11-01,136.02,6,103.60871239600068,374.44689285249586
Sorghum,2010-12-01,141.38,6,104.51089049500084,385.8425919030222
Sorghum,2011-01-01,145.17000000000002,6,105.413068594001,392.79518740814586
Sorghum,2011-02-01,140.4,6,106.31524669300116,376.66502308261994
Sorghum,2011-03-01,141.825,6,107.21742479200132,377.2864060902837
Sorghum,2011-04-01,141.26,6,108.11960289100148,372.64774469112143
Sorghum,2011-05-01,154.425,6,109.02178099000166,404.0062416665335
Sorghum,2011-06-01,154.535,6,109.92395908900184,400.9758639936104
Sorghum,2011-07-01,154.825,6,110.826137188002,398.458072312195
Sorghum,2011-08-01,151.635,6,111.95510839096956,386.31295995892134
Sorghum,2011-09-01,133.64499999999998,6,113.08407959393716,337.08155205147955
Sorghum,2011-10-01,137.34,6,114.21305079690477,342.97703998614816
Sorghum,2011-11-01,149.46,6,115.34202199987232,369.5908021439005
Sorghum,2011-12-01,155.61,6,116.4709932028399,381.0688601902526
Sorghum,2012-01-01,158.95,6,117.5999644058075,385.51127039338365
Sorghum,2012-02-01,163.31,6,118.72893560877507,392.31954206091206
Sorghum,2012-03-01,159.12,6,119.85790681174268,378.6533629988923
Sorghum,2012-04-01,170.76999999999998,6,120.98687801471024,402.5844957414963
Sorghum,2012-05-01,158.63,9,122.11584921767783,370.50752032283503
Sorghum,2012-06-01,65.625,4,123.24482042064542,151.8743307725436
Sorghum,2012-07-01,167.66,9,124.373791623613,384.48935880753044
Sorghum,2012-08-01,183.51,9,125.25430815116223,417.87924361944494
Sorghum,2012-09-01,208.0,9,126.13482467871152,470.34016182647184
Sorghum,2012-10-01,160.11,9,127.01534120626076,359.53900771600615
Sorghum,2012-11-01,165.57,9,127.89585773381,369.2401401216185
Sorghum,2012-12-01,140.68,9,128.77637426135925,311.587411678018
Sorghum,2013-01-01,153.72,9,129.6568907889085,338.15709978180024
Sorghum,2013-02-01,154.99,9,130.53740731645777,338.6510549132621
Sorghum,2013-03-01,154.04,9,131.41792384400702,334.3202210270422
Sorghum,2013-04-01,161.2,9,132.29844037155627,347.53140026186344
Sorghum,2013-05-01,156.27,9,133.17895689910551,334.67536083263957
Sorghum,2013-06-01,182.05,9,134.05947342665476,387.3262322774375
Sorghum,2013-07-01,193.36,9,134.939989954204,408.7047650057409
Sorghum,2013-08-01,188.21,9,135.8449212402551,395.1691433970289
Sorghum,2013-09-01,176.06,9,136.74985252630617,367.21259451342434
Sorghum,2013-10-01,149.26,9,137.65478381235727,309.26862662307764
Sorghum,2013-11-01,96.25,11,138.55971509840833,198.12874730774845
Sorghum,2013-12-01,95.0,11,139.46464638445943,194.2867629479508
Sorghum,2014-01-01,74.0,11,140.36957767051052,150.36351296887662
Sorghum,2014-02-01,70.0,11,141.2745089565616,141.32466697780524
Sorghum,2014-03-01,72.0,11,142.17944024261269,144.4373239659332
Sorghum,2014-04-01,81.75,11,143.08437152866375,162.9593554438457
Sorghum,2014-05-01,161.315,6,143.98930281471485,319.54222931473265
Sorghum,2014-06-01,159.315,6,144.8942341007659,313.60956603979616
Sorghum,2014-07-01,60.0,16,145.799165386817,117.37617414300443
Sorghum,2014-08-01,59.5,16,146.89380547073534,115.53065111727355
Sorghum,2014-09-01,56.18,16,147.98844555465368,108.2773613116472
Sorghum,2014-10-01,55.6,16,149.08308563857202,106.37269337758168
Sorghum,2014-11-01,52.975,11,150.17772572249035,100.61186037291323
Sorghum,2014-12-01,49.32,11,151.2723658064087,92.99234640159163
Sorghum,2015-01-01,46.4,18,152.367005890327,86.85819184437858
Sorghum,2015-02-01,46.75,17,153.46164597424533,86.88914033456335
Sorghum,2015-03-01,46.16,17,154.55628605816366,85.1849482881306
Sorghum,2015-04-01,47.925,18,155.650926142082,87.82014495254332
Sorghum,2015-05-01,45.975,18,156.74556622600034,83.6585263249622
Sorghum,2015-06-01,52.0,16,157.84020630991867,93.96571893547186
Sorghum,2015-07-01,52.18,15,158.934846393837,93.64156977025816
Sorghum,2015-08-01,49.3,18,161.0138218151871,87.3308119397906
Sorghum,2015-09-01,52.5,18,163.09279723653717,91.81386273200576
Sorghum,2015-10-01,51.5,17,165.17177265788726,88.93140148129129
Sorghum,2015-11-01,51.25,15,167.25074807923733,87.3996187035292
Sorghum,2015-12-01,51.4,18,169.32972350058742,86.57921762046917
Sorghum,2016-01-01,54.35,18,171.4086989219375,90.43789122643342
Sorghum,2016-02-01,63.75,18,173.48767434328758,104.80820934007747
Sorghum,2016-03-01,68.25999999999999,18,175.56664976463767,110.89398731635654
Sorghum,2016-04-01,78.44999999999999,18,177.64562518598774,125.95695943833807
Sorghum,2016-05-01,88.75,19,179.72460060733783,140.84601755091725
Sorghum,2016-06-01,102.72,19,181.8035760286879,161.15223255500877
Sorghum,2016-07-01,112.5,19,183.882551450038,174.50012342862442
Sorghum,2016-08-01,148.2,19,186.41128379681425,226.75649916746778
Sorghum,2016-09-01,161.95,19,188.9400161435905,244.47853890576647
Sorghum,2016-10-01,164.9,19,191.46874849036675,245.64418865347483
Sorghum,2016-11-01,154.0,19,193.997480837143,226.41665375283608
Sorghum,2016-12-01,119.4,15,196.52621318391925,173.28763638548853
Sorghum,2017-01-01,144.3,19,199.05494553069548,206.765033516937
Sorghum,2017-02-01,140.675,17,201.58367787747176,199.0422610178428
Sorghum,2017-03-01,147.4,18,204.112410224248,205.97371858251253
Sorghum,2017-04-01,147.8,15,206.64114257102423,204.00526539100966
Sorghum,2017-05-01,156.48,16,209.16987491780048,213.37495273568535
Sorghum,2017-06-01,160.5,16,211.69860726457676,216.24236029227865
Sorghum,2017-07-01,163.0,16,214.227339611353,217.01834493170458
Sorghum,2017-08-01,168.33,16,216.3865916876249,221.87834317538426
Sorghum,2017-09-01,160.0,14,218.5458437638968,208.8147479005021
Sorghum,2017-10-01,149.3,13,220.70509584016872,192.94395842767688
Sorghum,2017-11-01,115.92,13,222.86434791644064,148.35476864025043
Sorghum,2017-12-01,107.5,13,225.02359999271255,136.25866608302127
Sorghum,2018-01-01,110.52,5,227.1828520689845,138.75513554764504
Sorghum,2018-02-01,110.0,14,229.3421041452564,136.80205763017162
Sorghum,2018-03-01,105.5,14,231.5013562215283,129.98183303312248
Sorghum,2018-04-01,113.0,14,233.66060829780025,137.93569825233138
Sorghum,2018-05-01,114.44,15,235.81986037407216,138.41437894703589
Sorghum,2018-06-01,129.075,6,237.97911245034408,154.69883046820877
Sorghum,2018-07-01,113.55000000000001,15,240.138364526616,134.86812730738595
Sorghum,2018-08-01,108.76,15,242.41896304466323,127.96356974451872
Sorghum,2018-09-01,107.5,15,244.6995615627105,125.30229059829597
Sorghum,2018-10-01,105.06,15,246.9801600807577,121.32744887094074
Sorghum,2018-11-01,101.25,15,249.26075859880495,115.85768772550091
Sorghum,2018-12-01,76.25,15,251.54135711685225,86.4597918221478
Sorghum,2019-01-01,75.92,12,253.8219556348995,85.3121232226505
Sorghum,2019-02-01,78.15,15,256.1025541529468,87.0359772027344
Sorghum,2019-03-01,79.75,15,258.383152670994,88.03395957663014
Sorghum,2019-04-01,80.4,15,260.66375118904125,87.97497357687864
Sorghum,2019-05-01,70.4,7,262.9443497070885,76.36468302620982
Sorghum,2019-06-01,60.0,7,265.22494822513573,64.52390071472878
Sorghum,2019-07-01,70.66665,12,267.505546743183,75.34691050727125
Sorghum,2019-08-01,68.5375,15,270.458367359174,72.27890657847941
Sorghum,2019-09-01,73.0,15,273.41118797516503,76.15357841153043
Sorghum,2019-10-01,76.8125,15,276.364008591156,79.27461727846243
Sorghum,2019-11-01,76.25,15,279.316829207147,77.8621661742217
Sorghum,2019-12-01,73.2,15,282.269649823138,73.9657446318652
Sorghum,2020-01-01,74.0,15,285.222470439129,74.0
Sorghum,2020-02-01,75.4,15,288.17529105512,74.62740539749073
Sorghum,2020-03-01,87.55625,15,291.128111671111,85.78013914231042
Sorghum,2020-04-01,99.25,15,294.08093228710203,96.26033884933081
Sorghum,2020-05-01,105.79915,14,297.03375290309305,101.59214108978705
Sorghum,2020-06-01,133.91299999999998,15,299.986573519084,127.3223539169004
Sorghum,2020-07-01,162.14355,15,302.939394135075,152.66084501426633
Sorghum,2020-08-01,179.93545,15,307.2191314783556,167.0522057712155
Sorghum,2020-09-01,199.63335,15,311.49886882163617,182.79333560483332
Sorghum,2020-10-01,185.95805000000001,15,315.7786061649168,167.9639259391214
Sorghum,2020-11-01,164.0,15,320.05834350819737,146.14986954970323
Sorghum,2020-12-01,144.32255,15,324.3380808514779,126.9170556322207
Sorghum,2021-01-01,167.59680000000003,15,328.6178181947585,145.46494647275054
Sorghum,2021-02-01,179.375,15,332.8975555380391,153.68626108512433
Sorghum,2021-03-01,184.99165,16,337.17729288131966,156.48674017375953
Sorghum,2021-04-01,181.6667,16,341.45703022460026,151.74801039077
Sorghum,2021-05-01,185.41665,16,345.73676756788086,152.9631787373151
Sorghum,2021-06-01,219.96665000000002,16,350.0165049111614,179.24706534379942
Sorghum,2021-07-01,241.3226,15,354.296242254442,194.2742257349775
Sorghum,2021-08-01,242.93550000000002,16,359.8608154286513,192.5485090251598
Sorghum,2021-09-01,237.86665,16,365.4253886028605,185.66009824186736
Sorghum,2021-10-01,219.84834999999998,15,370.98996177706977,169.0226043006698
Sorghum,2021-11-01,206.45,15,376.554534951279,156.37623121383197
Sorghum,2021-12-01,197.36,15,382.11910812548825,147.31403263764636
Sorghum,2022-01-01,210.0,15,387.6836812996975,154.49894251781555
Sorghum,2022-02-01,210.0,15,393.24825447390674,152.31273911780687
Sorghum,2022-03-01,214.67925000000002,15,398.812827648116,153.53404352140237
Sorghum,2022-04-01,216.6667,15,404.3774008223252,152.82310858673935
Sorghum,2022-05-01,203.87099999999998,15,409.9419739965345,141.84590493138236
Sorghum,2022-06-01,205.17330000000004,15,415.5065471707437,140.8402247632959
Sorghum,2022-07-01,211.2742,15,421.071120344953,143.11157035581985
Sorghum,2022-08-01,211.1625,15,429.7239740376429,140.15575940109568
Sorghum,2022-09-01,210.0,15,438.3768277303327,136.63294910529012
Sorghum,2022-10-01,219.35479999999998,15,447.02968142302245,139.95696607777617
Sorghum,2022-11-01,216.07,15,455.6825351157123,135.24332059848044
Sorghum,2022-12-01,199.0323,15,464.3353888084022,122.25750108959737
Sorghum,2023-01-01,197.14999999999998,15,472.988242501092,118.88585168572018
